address	function_address	category
11026	0x11020	dynamic_loader_resolver
11290	0x11290	direct_import_slot
17314	0x172f0	allocation_error_hook_pointer
176d3	0x17620	import_address_in_register
176db	0x17620	import_address_in_register
17851	0x17730	register_value_flow_open
17859	0x17730	register_value_flow_open
17aaf	0x17a30	direct_import_slot
17ae1	0x17a30	direct_import_slot
1841a	0x183d0	direct_import_slot
1842f	0x183d0	direct_import_slot
18964	0x18960	direct_import_slot
1d905	0x1d8b0	direct_import_slot
1e9a8	0x1e8e0	import_address_in_register
1eaee	0x1ea20	import_address_in_register
1ebb2	0x1eb70	import_address_in_register
1ebd9	0x1eb70	import_address_in_register
1ec15	0x1eb70	direct_import_slot
1ec71	0x1eb70	register_value_flow_open
1ecb1	0x1eb70	register_value_flow_open
1ecda	0x1eb70	register_value_flow_open
1edf9	0x1eda0	direct_import_slot
1ee48	0x1eda0	import_address_in_register
1ee5d	0x1eda0	import_address_in_register
1ee93	0x1eda0	direct_import_slot
1eee1	0x1eda0	register_value_flow_open
1ef1e	0x1eda0	register_value_flow_open
1ef5e	0x1eda0	register_value_flow_open
1ef7c	0x1eda0	register_value_flow_open
1f473	0x1f400	direct_import_slot
1f4b4	0x1f400	direct_import_slot
1f500	0x1f400	direct_import_slot
1f556	0x1f400	direct_import_slot
1f6c6	0x1f630	import_address_in_register
1f6fb	0x1f630	import_address_in_register
1f75b	0x1f630	import_address_in_register
1f7ba	0x1f630	direct_import_slot
1f83b	0x1f630	direct_import_slot
1f8ab	0x1f630	direct_import_slot
1f902	0x1f630	direct_import_slot
1f941	0x1f630	import_address_in_register
1f997	0x1f630	import_address_in_register
1f9c8	0x1f630	import_address_in_register
1fa16	0x1f630	import_address_in_register
1fb0a	0x1fab0	direct_import_slot
1fb3b	0x1fab0	direct_import_slot
1fb6e	0x1fab0	direct_import_slot
1fbdc	0x1fab0	direct_import_slot
1fc47	0x1fab0	import_address_in_register
1fc62	0x1fab0	import_address_in_register
1fee6	0x1fe60	fixed_local_nonleaf
206d8	0x203b0	open_vtable_dispatch
20774	0x20720	register_value_flow_open
20804	0x207b0	register_value_flow_open
20874	0x207b0	register_value_flow_open
20944	0x208f0	register_value_flow_open
209fc	0x209d0	direct_import_slot
20acb	0x209d0	import_address_in_register
20add	0x209d0	import_address_in_register
20aef	0x209d0	import_address_in_register
20b01	0x209d0	import_address_in_register
20b3b	0x209d0	import_address_in_register
20b5e	0x209d0	direct_import_slot
20bbe	0x209d0	fixed_local_nonleaf
20c2a	0x209d0	direct_import_slot
20f76	0x20e20	direct_import_slot
2103a	0x20e20	direct_import_slot
21247	0x20e20	direct_import_slot
21298	0x20e20	direct_import_slot
21677	0x21640	direct_import_slot
21724	0x216b0	fixed_local_nonleaf
21771	0x216b0	direct_import_slot
21792	0x216b0	direct_import_slot
2190b	0x21800	import_address_in_register
2191d	0x21800	import_address_in_register
2192f	0x21800	import_address_in_register
21941	0x21800	import_address_in_register
2197b	0x21800	import_address_in_register
2199d	0x21800	direct_import_slot
21c35	0x21b30	import_address_in_register
21db9	0x21b30	import_address_in_register
21dd1	0x21b30	import_address_in_register
21e6a	0x21b30	import_address_in_register
21e9d	0x21b30	direct_import_slot
21eea	0x21b30	direct_import_slot
21f37	0x21b30	direct_import_slot
220a2	0x21b30	import_address_in_register
220ba	0x21b30	import_address_in_register
220d9	0x21b30	import_address_in_register
220f1	0x21b30	import_address_in_register
22107	0x21b30	import_address_in_register
221dc	0x21b30	import_address_in_register
221fb	0x21b30	import_address_in_register
22232	0x21b30	import_address_in_register
2226f	0x21b30	import_address_in_register
2228a	0x21b30	import_address_in_register
222b5	0x21b30	import_address_in_register
222d0	0x21b30	import_address_in_register
223a0	0x21b30	direct_import_slot
223ca	0x21b30	import_address_in_register
223e7	0x21b30	register_value_flow_open
2246a	0x21b30	import_address_in_register
2248e	0x21b30	import_address_in_register
224b4	0x21b30	import_address_in_register
2251b	0x21b30	import_address_in_register
22531	0x21b30	import_address_in_register
2254c	0x21b30	import_address_in_register
2257e	0x21b30	import_address_in_register
22599	0x21b30	import_address_in_register
225ca	0x21b30	import_address_in_register
225e2	0x21b30	import_address_in_register
225fa	0x21b30	import_address_in_register
22614	0x21b30	import_address_in_register
226aa	0x21b30	import_address_in_register
226c2	0x21b30	import_address_in_register
226e8	0x21b30	import_address_in_register
2271f	0x21b30	register_value_flow_open
2275f	0x21b30	register_value_flow_open
2276c	0x21b30	register_value_flow_open
22792	0x21b30	register_value_flow_open
227bd	0x21b30	register_value_flow_open
227cf	0x21b30	register_value_flow_open
227e6	0x21b30	register_value_flow_open
22864	0x21b30	import_address_in_register
2288a	0x21b30	import_address_in_register
228f8	0x21b30	import_address_in_register
22970	0x21b30	import_address_in_register
2298f	0x21b30	import_address_in_register
229c6	0x21b30	import_address_in_register
22a68	0x21b30	import_address_in_register
22a9b	0x21b30	import_address_in_register
22aba	0x21b30	import_address_in_register
22ad5	0x21b30	import_address_in_register
22af0	0x21b30	import_address_in_register
22b3b	0x21b30	direct_import_slot
22b7f	0x21b30	import_address_in_register
22ba6	0x21b30	import_address_in_register
22bc5	0x21b30	import_address_in_register
22c01	0x21b30	direct_import_slot
22c54	0x21b30	direct_import_slot
22c94	0x21b30	import_address_in_register
22cb8	0x21b30	import_address_in_register
22ce8	0x21b30	import_address_in_register
22d40	0x21b30	import_address_in_register
22d5f	0x21b30	import_address_in_register
22d77	0x21b30	import_address_in_register
22dcd	0x21b30	import_address_in_register
22df1	0x21b30	import_address_in_register
22e1f	0x21b30	import_address_in_register
22e77	0x21b30	import_address_in_register
22e96	0x21b30	import_address_in_register
22eae	0x21b30	import_address_in_register
22f02	0x21b30	direct_import_slot
22f1d	0x21b30	direct_import_slot
22f9a	0x21b30	direct_import_slot
22fe4	0x21b30	direct_import_slot
23021	0x21b30	import_address_in_register
23041	0x21b30	import_address_in_register
23059	0x21b30	import_address_in_register
232bc	0x21b30	fixed_local_nonleaf
23338	0x21b30	fixed_local_nonleaf
233d0	0x21b30	import_address_in_register
2341d	0x21b30	import_address_in_register
234d1	0x21b30	import_address_in_register
234e4	0x21b30	import_address_in_register
234ff	0x21b30	import_address_in_register
23537	0x21b30	import_address_in_register
2354d	0x21b30	import_address_in_register
2357c	0x21b30	direct_import_slot
235ae	0x21b30	direct_import_slot
235e9	0x21b30	import_address_in_register
23601	0x21b30	import_address_in_register
23619	0x21b30	import_address_in_register
23631	0x21b30	import_address_in_register
23649	0x21b30	import_address_in_register
23663	0x21b30	import_address_in_register
23fe9	0x23c10	fixed_local_nonleaf
2455b	0x242d0	direct_import_slot
245ca	0x242d0	direct_import_slot
24630	0x242d0	direct_import_slot
24746	0x242d0	fixed_local_nonleaf
2474f	0x242d0	fixed_local_nonleaf
247fc	0x242d0	direct_import_slot
24a6b	0x242d0	import_address_in_register
24b13	0x242d0	direct_import_slot
24b8b	0x242d0	register_value_flow_open
24bc7	0x242d0	direct_import_slot
24c4c	0x242d0	direct_import_slot
24e28	0x24d70	import_address_in_register
24e7f	0x24d70	direct_import_slot
24fc3	0x24d70	import_address_in_register
24fd5	0x24d70	import_address_in_register
25028	0x24d70	import_address_in_register
25042	0x24d70	fixed_local_nonleaf
25053	0x24d70	direct_import_slot
25064	0x24d70	fixed_local_nonleaf
25086	0x24d70	direct_import_slot
25704	0x25110	fixed_local_nonleaf
2577a	0x25110	fixed_local_nonleaf
25f42	0x25ec0	direct_import_slot
26b11	0x26aa0	import_address_in_register
26b7a	0x26aa0	import_address_in_register
26bd3	0x26aa0	direct_import_slot
26c0c	0x26aa0	direct_import_slot
26c31	0x26aa0	direct_import_slot
27494	0x27440	register_value_flow_open
27524	0x274d0	register_value_flow_open
27594	0x274d0	register_value_flow_open
27ca4	0x276b0	fixed_local_nonleaf
27d1a	0x276b0	fixed_local_nonleaf
28051	0x27f90	register_value_flow_open
2811b	0x27f90	register_value_flow_open
2819c	0x27f90	register_value_flow_open
281d3	0x27f90	register_value_flow_open
28262	0x27f90	register_value_flow_open
2827d	0x27f90	register_value_flow_open
282b9	0x27f90	register_value_flow_open
28378	0x27f90	register_value_flow_open
283f4	0x27f90	register_value_flow_open
2842b	0x27f90	register_value_flow_open
284b6	0x27f90	register_value_flow_open
284d1	0x27f90	register_value_flow_open
28b5b	0x28b30	direct_import_slot
2ab87	0x2ab50	import_address_in_register
2abae	0x2ab50	import_address_in_register
2af49	0x2ab50	fixed_local_nonleaf
2c428	0x2c360	direct_import_slot
2c7c9	0x2c360	fixed_local_nonleaf
2d2df	0x2d240	direct_import_slot
2d33c	0x2d240	fixed_local_nonleaf
2d368	0x2d240	direct_import_slot
2d38d	0x2d240	import_address_in_register
2d3c9	0x2d240	import_address_in_register
30600	0x305d0	import_address_in_register
3062b	0x305d0	import_address_in_register
3078b	0x305d0	direct_import_slot
307fc	0x305d0	direct_import_slot
30861	0x305d0	direct_import_slot
30966	0x305d0	fixed_local_nonleaf
3096f	0x305d0	fixed_local_nonleaf
30a1a	0x305d0	direct_import_slot
31af0	0x31ac0	import_address_in_register
31b1b	0x31ac0	import_address_in_register
31c7b	0x31ac0	direct_import_slot
31cec	0x31ac0	direct_import_slot
31d51	0x31ac0	direct_import_slot
31e56	0x31ac0	fixed_local_nonleaf
31e5f	0x31ac0	fixed_local_nonleaf
31f0a	0x31ac0	direct_import_slot
33566	0x33240	direct_import_slot
33606	0x33240	fixed_local_nonleaf
33680	0x33240	fixed_local_nonleaf
38fac	0x38ed0	fixed_local_nonleaf
38fc0	0x38ed0	fixed_local_nonleaf
39005	0x38ed0	fixed_local_nonleaf
39114	0x38ed0	fixed_local_nonleaf
3916b	0x38ed0	fixed_local_nonleaf
3925d	0x38ed0	fixed_local_nonleaf
3927d	0x38ed0	fixed_local_nonleaf
392a1	0x38ed0	fixed_local_nonleaf
392c7	0x38ed0	fixed_local_nonleaf
392ed	0x38ed0	fixed_local_nonleaf
39306	0x38ed0	fixed_local_nonleaf
398fb	0x38ed0	direct_import_slot
3996d	0x38ed0	import_address_in_register
39984	0x38ed0	import_address_in_register
39996	0x38ed0	import_address_in_register
39a03	0x38ed0	import_address_in_register
39a1a	0x38ed0	import_address_in_register
39a5c	0x38ed0	import_address_in_register
39b5a	0x38ed0	direct_import_slot
39d4b	0x38ed0	import_address_in_register
39d63	0x38ed0	import_address_in_register
39d76	0x38ed0	import_address_in_register
39d8b	0x38ed0	import_address_in_register
39dd0	0x38ed0	import_address_in_register
39f90	0x38ed0	direct_import_slot
3ace9	0x3ac70	fixed_local_nonleaf
3ad16	0x3ac70	fixed_local_nonleaf
3ad27	0x3ac70	fixed_local_nonleaf
3ad4d	0x3ac70	fixed_local_nonleaf
3ad63	0x3ac70	fixed_local_nonleaf
3d72e	0x3d550	fixed_local_nonleaf
3d773	0x3d550	fixed_local_nonleaf
3dbf8	0x3db70	direct_import_slot
3dc7f	0x3db70	direct_import_slot
3e2b0	0x3e290	fixed_local_nonleaf
3e2c5	0x3e290	fixed_local_nonleaf
3e397	0x3e370	fixed_local_nonleaf
3e3ac	0x3e370	fixed_local_nonleaf
3e417	0x3e3f0	fixed_local_nonleaf
3e42c	0x3e3f0	fixed_local_nonleaf
3e502	0x3e470	direct_import_slot
3ee71	0x3ed80	direct_import_slot
3ef5e	0x3ed80	direct_import_slot
3f044	0x3efc0	import_address_in_register
3f05b	0x3efc0	import_address_in_register
41059	0x40f60	direct_import_slot
41345	0x41110	register_value_flow_open
413a7	0x41110	register_value_flow_open
4178d	0x41110	register_value_flow_open
417aa	0x41110	register_value_flow_open
418ad	0x41110	register_value_flow_open
418c2	0x41110	register_value_flow_open
418cf	0x41110	register_value_flow_open
418df	0x41110	register_value_flow_open
419bd	0x41920	direct_import_slot
419f9	0x41920	direct_import_slot
41fd1	0x41d00	direct_import_slot
42179	0x41ff0	direct_import_slot
44617	0x440d0	fixed_local_nonleaf
4468a	0x440d0	fixed_local_nonleaf
446f8	0x440d0	fixed_local_nonleaf
44766	0x440d0	fixed_local_nonleaf
447d4	0x440d0	fixed_local_nonleaf
44842	0x440d0	fixed_local_nonleaf
448b0	0x440d0	fixed_local_nonleaf
44925	0x440d0	direct_import_slot
44e9b	0x44940	fixed_local_nonleaf
44f0e	0x44940	fixed_local_nonleaf
44f7c	0x44940	fixed_local_nonleaf
44fea	0x44940	fixed_local_nonleaf
45058	0x44940	fixed_local_nonleaf
450c6	0x44940	fixed_local_nonleaf
45134	0x44940	fixed_local_nonleaf
451a9	0x44940	direct_import_slot
458c4	0x45740	import_address_in_register
458d7	0x45740	import_address_in_register
458ea	0x45740	import_address_in_register
458fd	0x45740	import_address_in_register
45910	0x45740	import_address_in_register
45923	0x45740	import_address_in_register
45936	0x45740	import_address_in_register
45949	0x45740	import_address_in_register
45bf2	0x45740	import_address_in_register
45c11	0x45740	fixed_local_nonleaf
45dcd	0x45740	direct_import_slot
45fa9	0x45740	direct_import_slot
45ffd	0x45740	register_value_flow_open
4600a	0x45740	register_value_flow_open
46017	0x45740	register_value_flow_open
46145	0x45740	register_value_flow_open
46188	0x45740	direct_import_slot
461bb	0x45740	register_value_flow_open
461d9	0x45740	register_value_flow_open
461e7	0x45740	register_value_flow_open
461f5	0x45740	register_value_flow_open
46321	0x45740	register_value_flow_open
46364	0x45740	direct_import_slot
4654e	0x45740	import_address_in_register
466ea	0x45740	register_value_flow_open
46731	0x45740	import_address_in_register
4674c	0x45740	import_address_in_register
48850	0x486c0	import_address_in_register
48863	0x486c0	import_address_in_register
48876	0x486c0	import_address_in_register
48889	0x486c0	import_address_in_register
4889c	0x486c0	import_address_in_register
488af	0x486c0	import_address_in_register
488c2	0x486c0	import_address_in_register
488d5	0x486c0	import_address_in_register
48ac0	0x486c0	direct_import_slot
48cae	0x486c0	import_address_in_register
48e4b	0x486c0	register_value_flow_open
48e8e	0x486c0	direct_import_slot
48ec3	0x486c0	register_value_flow_open
48ee1	0x486c0	register_value_flow_open
48eef	0x486c0	register_value_flow_open
48f03	0x486c0	register_value_flow_open
49076	0x486c0	direct_import_slot
49096	0x486c0	fixed_local_nonleaf
49261	0x486c0	import_address_in_register
4943e	0x486c0	direct_import_slot
495e4	0x486c0	register_value_flow_open
4962b	0x486c0	import_address_in_register
49646	0x486c0	import_address_in_register
4a368	0x4a340	import_address_in_register
4a37e	0x4a340	import_address_in_register
4a3d8	0x4a3b0	import_address_in_register
4a3ee	0x4a3b0	import_address_in_register
4a5a8	0x4a580	import_address_in_register
4a5be	0x4a580	import_address_in_register
4b8c4	0x4b850	fixed_local_nonleaf
4b8cf	0x4b850	fixed_local_nonleaf
4b974	0x4b900	fixed_local_nonleaf
4b97f	0x4b900	fixed_local_nonleaf
64a84	0x64930	fixed_local_nonleaf
64b4b	0x64930	register_value_flow_open
6624a	0x65fb0	register_value_flow_open
6840c	0x680e0	register_value_flow_open
684a0	0x68480	direct_import_slot
69eb0	0x69e90	direct_import_slot
6a68d	0x69f90	register_value_flow_open
730e5	0x73010	register_value_flow_open
73948	0x733d0	direct_import_slot
76110	0x75f40	fixed_local_nonleaf
761b5	0x75f40	fixed_local_nonleaf
76385	0x75f40	import_address_in_register
763c7	0x75f40	import_address_in_register
76e59	0x76d20	fixed_local_nonleaf
806d8	0x80690	direct_import_slot
80e51	0x80e10	open_vtable_dispatch
8cae3	0x8ca20	direct_import_slot
8caf2	0x8ca20	direct_import_slot
8cb0f	0x8ca20	direct_import_slot
8cc1d	0x8ca20	open_vtable_dispatch
8cc76	0x8ca20	open_vtable_dispatch
8dccd	0x8dc20	open_vtable_dispatch
8dd08	0x8dc20	open_vtable_dispatch
8dd40	0x8dc20	open_vtable_dispatch
8e4ad	0x8e470	direct_import_slot
8e4be	0x8e470	direct_import_slot
8e4f1	0x8e470	direct_import_slot
8f127	0x8f110	direct_import_slot
8f151	0x8f110	direct_import_slot
8f170	0x8f170	direct_import_slot
8f1b2	0x8f180	direct_import_slot
8f1da	0x8f180	direct_import_slot
8f208	0x8f180	direct_import_slot
8f211	0x8f180	direct_import_slot
8f36f	0x8f340	direct_import_slot
8f394	0x8f340	direct_import_slot
8f3ba	0x8f340	direct_import_slot
8f424	0x8f3d0	register_value_flow_open
8f450	0x8f3d0	register_value_flow_open
af876	0xaf806	open_vtable_dispatch
af8a8	0xaf806	open_vtable_dispatch
af8cf	0xaf806	open_vtable_dispatch
af960	0xaf806	open_vtable_dispatch
b6a48	0xb6a10	direct_import_slot
b6b17	0xb6af0	direct_import_slot
b6b3a	0xb6af0	direct_import_slot
b6b49	0xb6af0	direct_import_slot
b6b65	0xb6af0	direct_import_slot
b6b73	0xb6af0	direct_import_slot
cf97b	0xcf960	open_vtable_dispatch
cf9da	0xcf9d0	open_vtable_dispatch
cfa3d	0xcf9d0	direct_import_slot
cfac6	0xcfa80	direct_import_slot
fdd85	0xfdd10	open_vtable_dispatch
fddd4	0xfdd10	open_vtable_dispatch
fde76	0xfdd10	format_argument_function_pointer
fdeb9	0xfdd10	open_vtable_dispatch
1120d5	0x112050	import_address_in_register
11214a	0x112050	import_address_in_register
112171	0x112050	import_address_in_register
112199	0x112050	import_address_in_register
1121b0	0x112050	import_address_in_register
1121bc	0x112050	import_address_in_register
11299d	0x112820	import_address_in_register
1129c2	0x112820	import_address_in_register
1129ec	0x112820	direct_import_slot
112ce3	0x112b60	import_address_in_register
112d08	0x112b60	import_address_in_register
112d3c	0x112b60	direct_import_slot
114bca	0x114900	import_address_in_register
114bf3	0x114900	import_address_in_register
114c39	0x114900	direct_import_slot
11528d	0x114fa0	import_address_in_register
1152b6	0x114fa0	import_address_in_register
1152f9	0x114fa0	direct_import_slot
119466	0x1193e0	direct_import_slot
11948b	0x1193e0	direct_import_slot
1194f4	0x1193e0	import_address_in_register
11951e	0x1193e0	import_address_in_register
119551	0x1193e0	register_value_flow_open
1195d0	0x1193e0	register_value_flow_open
1195eb	0x1193e0	register_value_flow_open
119ad6	0x119a50	direct_import_slot
119b04	0x119a50	direct_import_slot
119b43	0x119a50	import_address_in_register
119b6a	0x119a50	import_address_in_register
119b91	0x119a50	register_value_flow_open
119c01	0x119a50	register_value_flow_open
119c1a	0x119a50	register_value_flow_open
11ab3e	0x11aab0	direct_import_slot
11ab6b	0x11aab0	direct_import_slot
11abc7	0x11aab0	import_address_in_register
11abee	0x11aab0	import_address_in_register
11ac21	0x11aab0	register_value_flow_open
11aca6	0x11aab0	register_value_flow_open
11acc6	0x11aab0	register_value_flow_open
11b1cc	0x11b140	direct_import_slot
11b1f8	0x11b140	direct_import_slot
11b23c	0x11b140	import_address_in_register
11b263	0x11b140	import_address_in_register
11b291	0x11b140	register_value_flow_open
11b316	0x11b140	register_value_flow_open
11b332	0x11b140	register_value_flow_open
11bfa4	0x11bf50	direct_import_slot
11bfc5	0x11bf50	direct_import_slot
11c042	0x11bf50	import_address_in_register
11c06b	0x11bf50	import_address_in_register
11c091	0x11bf50	register_value_flow_open
11c0dd	0x11bf50	register_value_flow_open
11c0f9	0x11bf50	register_value_flow_open
11cc44	0x11cbf0	direct_import_slot
11cc62	0x11cbf0	direct_import_slot
11cd41	0x11cbf0	import_address_in_register
11cd67	0x11cbf0	import_address_in_register
11cd8c	0x11cbf0	register_value_flow_open
11cdec	0x11cbf0	register_value_flow_open
11ce03	0x11cbf0	register_value_flow_open
11d5fa	0x11d5a0	direct_import_slot
11d61e	0x11d5a0	direct_import_slot
11d693	0x11d5a0	import_address_in_register
11d6bd	0x11d5a0	import_address_in_register
11d6e1	0x11d5a0	register_value_flow_open
11d734	0x11d5a0	register_value_flow_open
11d756	0x11d5a0	register_value_flow_open
11e2da	0x11e280	direct_import_slot
11e2f7	0x11e280	direct_import_slot
11e3d3	0x11e280	import_address_in_register
11e3f8	0x11e280	import_address_in_register
11e41c	0x11e280	register_value_flow_open
11e481	0x11e280	register_value_flow_open
11e49c	0x11e280	register_value_flow_open
11ec24	0x11ea40	register_value_flow_open
11ed5f	0x11ecc0	fixed_local_nonleaf
11ef51	0x11ecc0	direct_import_slot
11f034	0x11ecc0	fixed_local_nonleaf
1205f6	0x120300	fixed_local_nonleaf
12061e	0x120300	fixed_local_nonleaf
122e98	0x122db0	import_address_in_register
122ebf	0x122db0	import_address_in_register
122f0a	0x122db0	direct_import_slot
12302b	0x122f30	direct_import_slot
12309b	0x122f30	direct_import_slot
1230c0	0x122f30	direct_import_slot
1243b6	0x1240f0	direct_import_slot
1243f7	0x1240f0	direct_import_slot
124412	0x1240f0	direct_import_slot
124441	0x1240f0	import_address_in_register
124468	0x1240f0	import_address_in_register
1244c3	0x1240f0	direct_import_slot
124781	0x1244d0	direct_import_slot
1247ac	0x1244d0	direct_import_slot
1247d2	0x1244d0	direct_import_slot
1247ea	0x1244d0	direct_import_slot
12480f	0x1244d0	direct_import_slot
12485e	0x1244d0	direct_import_slot
1248cb	0x1244d0	direct_import_slot
1248f0	0x1244d0	direct_import_slot
1269a0	0x1267d0	direct_import_slot
126a34	0x1267d0	direct_import_slot
126aa6	0x1267d0	direct_import_slot
126abe	0x1267d0	direct_import_slot
126ad9	0x1267d0	direct_import_slot
126af7	0x1267d0	direct_import_slot
126b1a	0x1267d0	direct_import_slot
128546	0x128250	fixed_local_nonleaf
12856e	0x128250	fixed_local_nonleaf
128e93	0x128ca0	import_address_in_register
128eba	0x128ca0	import_address_in_register
128ed9	0x128ca0	direct_import_slot
128f44	0x128ca0	import_address_in_register
128f6b	0x128ca0	import_address_in_register
128f97	0x128ca0	direct_import_slot
1290b2	0x128fb0	direct_import_slot
1291c1	0x128fb0	direct_import_slot
1291e3	0x128fb0	direct_import_slot
129207	0x128fb0	direct_import_slot
12923e	0x128fb0	direct_import_slot
1292b5	0x128fb0	direct_import_slot
1292db	0x128fb0	direct_import_slot
129312	0x128fb0	direct_import_slot
12933a	0x128fb0	direct_import_slot
12adec	0x12acf0	import_address_in_register
12ae13	0x12acf0	import_address_in_register
12ae56	0x12acf0	import_address_in_register
12ae7d	0x12acf0	import_address_in_register
12aec6	0x12acf0	direct_import_slot
12af94	0x12aee0	direct_import_slot
12b006	0x12aee0	direct_import_slot
12b04a	0x12aee0	direct_import_slot
12b089	0x12aee0	direct_import_slot
12b0c0	0x12aee0	direct_import_slot
12b0fb	0x12aee0	direct_import_slot
12b132	0x12aee0	direct_import_slot
12b157	0x12aee0	direct_import_slot
132f5b	0x132d30	import_address_in_register
132f7a	0x132d30	import_address_in_register
1330bb	0x132d30	import_address_in_register
133147	0x132d30	direct_import_slot
1331ce	0x132d30	direct_import_slot
1331ed	0x132d30	fixed_local_nonleaf
13320b	0x132d30	direct_import_slot
134e80	0x134be0	direct_import_slot
134fde	0x134be0	register_value_flow_open
13506e	0x134be0	direct_import_slot
1350ee	0x134be0	register_value_flow_open
13512b	0x134be0	direct_import_slot
135778	0x1356c0	import_address_in_register
1357cf	0x1356c0	direct_import_slot
135913	0x1356c0	import_address_in_register
135925	0x1356c0	import_address_in_register
135978	0x1356c0	import_address_in_register
135992	0x1356c0	fixed_local_nonleaf
1359a3	0x1356c0	direct_import_slot
1359b4	0x1356c0	fixed_local_nonleaf
1359d6	0x1356c0	direct_import_slot
1372a4	0x136e60	direct_import_slot
1372e8	0x136e60	import_address_in_register
1372fb	0x136e60	import_address_in_register
137311	0x136e60	direct_import_slot
137351	0x136e60	import_address_in_register
137364	0x136e60	import_address_in_register
137377	0x136e60	import_address_in_register
13738a	0x136e60	import_address_in_register
13739d	0x136e60	import_address_in_register
1373b0	0x136e60	import_address_in_register
139ca0	0x1398d0	import_address_in_register
139cb2	0x1398d0	import_address_in_register
139e20	0x1398d0	register_value_flow_open
139e5e	0x1398d0	register_value_flow_open
139f3d	0x1398d0	import_address_in_register
139f4f	0x1398d0	import_address_in_register
13a0bd	0x1398d0	import_address_in_register
13a0fb	0x1398d0	import_address_in_register
13a31a	0x1398d0	register_value_flow_open
13a358	0x1398d0	register_value_flow_open
13a4f5	0x1398d0	import_address_in_register
13a533	0x1398d0	import_address_in_register
13c170	0x13c140	direct_import_slot
13c204	0x13c140	import_address_in_register
13c239	0x13c140	import_address_in_register
13f797	0x13f540	direct_import_slot
141286	0x141200	import_address_in_register
1412a9	0x141200	import_address_in_register
141376	0x1412f0	import_address_in_register
141399	0x1412f0	import_address_in_register
141471	0x1413e0	direct_import_slot
1414b5	0x1413e0	direct_import_slot
1414d8	0x1413e0	direct_import_slot
1415a1	0x141510	direct_import_slot
1415e8	0x141510	direct_import_slot
14160b	0x141510	direct_import_slot
