address	function_address	category	entropy_disposition
11026	0x11020	dynamic_loader_resolver	not_excluded
11290	0x11290	direct_import_slot	not_excluded
17314	0x172f0	allocation_error_hook_pointer	not_excluded
176d3	0x17620	import_address_in_register	not_excluded
176db	0x17620	import_address_in_register	not_excluded
17851	0x17730	register_value_flow_open	not_excluded
17859	0x17730	register_value_flow_open	not_excluded
17aaf	0x17a30	direct_import_slot	not_excluded
17ae1	0x17a30	direct_import_slot	not_excluded
1841a	0x183d0	direct_import_slot	not_excluded
1842f	0x183d0	direct_import_slot	not_excluded
18964	0x18960	direct_import_slot	not_excluded
1d905	0x1d8b0	direct_import_slot	not_excluded
1e9a8	0x1e8e0	import_address_in_register	not_excluded
1eaee	0x1ea20	import_address_in_register	not_excluded
1ebb2	0x1eb70	import_address_in_register	not_excluded
1ebd9	0x1eb70	import_address_in_register	not_excluded
1ec15	0x1eb70	direct_import_slot	not_excluded
1ec71	0x1eb70	register_value_flow_open	not_excluded
1ecb1	0x1eb70	register_value_flow_open	not_excluded
1ecda	0x1eb70	register_value_flow_open	not_excluded
1edf9	0x1eda0	direct_import_slot	not_excluded
1ee48	0x1eda0	import_address_in_register	not_excluded
1ee5d	0x1eda0	import_address_in_register	not_excluded
1ee93	0x1eda0	direct_import_slot	not_excluded
1eee1	0x1eda0	register_value_flow_open	not_excluded
1ef1e	0x1eda0	register_value_flow_open	not_excluded
1ef5e	0x1eda0	register_value_flow_open	not_excluded
1ef7c	0x1eda0	register_value_flow_open	not_excluded
1f473	0x1f400	direct_import_slot	not_excluded
1f4b4	0x1f400	direct_import_slot	not_excluded
1f500	0x1f400	direct_import_slot	not_excluded
1f556	0x1f400	direct_import_slot	not_excluded
1f6c6	0x1f630	import_address_in_register	not_excluded
1f6fb	0x1f630	import_address_in_register	not_excluded
1f75b	0x1f630	import_address_in_register	not_excluded
1f7ba	0x1f630	direct_import_slot	not_excluded
1f83b	0x1f630	direct_import_slot	not_excluded
1f8ab	0x1f630	direct_import_slot	not_excluded
1f902	0x1f630	direct_import_slot	not_excluded
1f941	0x1f630	import_address_in_register	not_excluded
1f997	0x1f630	import_address_in_register	not_excluded
1f9c8	0x1f630	import_address_in_register	not_excluded
1fa16	0x1f630	import_address_in_register	not_excluded
1fb0a	0x1fab0	direct_import_slot	not_excluded
1fb3b	0x1fab0	direct_import_slot	not_excluded
1fb6e	0x1fab0	direct_import_slot	not_excluded
1fbdc	0x1fab0	direct_import_slot	not_excluded
1fc47	0x1fab0	import_address_in_register	not_excluded
1fc62	0x1fab0	import_address_in_register	not_excluded
1fee6	0x1fe60	fixed_local_nonleaf	not_excluded
206d8	0x203b0	open_vtable_dispatch	not_excluded
20774	0x20720	register_value_flow_open	not_excluded
20804	0x207b0	register_value_flow_open	not_excluded
20874	0x207b0	register_value_flow_open	not_excluded
20944	0x208f0	register_value_flow_open	not_excluded
209fc	0x209d0	direct_import_slot	not_excluded
20acb	0x209d0	import_address_in_register	not_excluded
20add	0x209d0	import_address_in_register	not_excluded
20aef	0x209d0	import_address_in_register	not_excluded
20b01	0x209d0	import_address_in_register	not_excluded
20b3b	0x209d0	import_address_in_register	not_excluded
20b5e	0x209d0	direct_import_slot	not_excluded
20bbe	0x209d0	fixed_local_nonleaf	not_excluded
20c2a	0x209d0	direct_import_slot	not_excluded
20f76	0x20e20	direct_import_slot	not_excluded
2103a	0x20e20	direct_import_slot	not_excluded
21247	0x20e20	direct_import_slot	not_excluded
21298	0x20e20	direct_import_slot	not_excluded
21677	0x21640	direct_import_slot	not_excluded
21724	0x216b0	fixed_local_nonleaf	not_excluded
21771	0x216b0	direct_import_slot	not_excluded
21792	0x216b0	direct_import_slot	not_excluded
2190b	0x21800	import_address_in_register	not_excluded
2191d	0x21800	import_address_in_register	not_excluded
2192f	0x21800	import_address_in_register	not_excluded
21941	0x21800	import_address_in_register	not_excluded
2197b	0x21800	import_address_in_register	not_excluded
2199d	0x21800	direct_import_slot	not_excluded
21c35	0x21b30	import_address_in_register	not_excluded
21db9	0x21b30	import_address_in_register	not_excluded
21dd1	0x21b30	import_address_in_register	not_excluded
21e6a	0x21b30	import_address_in_register	not_excluded
21e9d	0x21b30	direct_import_slot	not_excluded
21eea	0x21b30	direct_import_slot	not_excluded
21f37	0x21b30	direct_import_slot	not_excluded
220a2	0x21b30	import_address_in_register	not_excluded
220ba	0x21b30	import_address_in_register	not_excluded
220d9	0x21b30	import_address_in_register	not_excluded
220f1	0x21b30	import_address_in_register	not_excluded
22107	0x21b30	import_address_in_register	not_excluded
221dc	0x21b30	import_address_in_register	not_excluded
221fb	0x21b30	import_address_in_register	not_excluded
22232	0x21b30	import_address_in_register	not_excluded
2226f	0x21b30	import_address_in_register	not_excluded
2228a	0x21b30	import_address_in_register	not_excluded
222b5	0x21b30	import_address_in_register	not_excluded
222d0	0x21b30	import_address_in_register	not_excluded
223a0	0x21b30	direct_import_slot	not_excluded
223ca	0x21b30	import_address_in_register	not_excluded
223e7	0x21b30	register_value_flow_open	not_excluded
2246a	0x21b30	import_address_in_register	not_excluded
2248e	0x21b30	import_address_in_register	not_excluded
224b4	0x21b30	import_address_in_register	not_excluded
2251b	0x21b30	import_address_in_register	not_excluded
22531	0x21b30	import_address_in_register	not_excluded
2254c	0x21b30	import_address_in_register	not_excluded
2257e	0x21b30	import_address_in_register	not_excluded
22599	0x21b30	import_address_in_register	not_excluded
225ca	0x21b30	import_address_in_register	not_excluded
225e2	0x21b30	import_address_in_register	not_excluded
225fa	0x21b30	import_address_in_register	not_excluded
22614	0x21b30	import_address_in_register	not_excluded
226aa	0x21b30	import_address_in_register	not_excluded
226c2	0x21b30	import_address_in_register	not_excluded
226e8	0x21b30	import_address_in_register	not_excluded
2271f	0x21b30	register_value_flow_open	not_excluded
2275f	0x21b30	register_value_flow_open	not_excluded
2276c	0x21b30	register_value_flow_open	not_excluded
22792	0x21b30	register_value_flow_open	not_excluded
227bd	0x21b30	register_value_flow_open	not_excluded
227cf	0x21b30	register_value_flow_open	not_excluded
227e6	0x21b30	register_value_flow_open	not_excluded
22864	0x21b30	import_address_in_register	not_excluded
2288a	0x21b30	import_address_in_register	not_excluded
228f8	0x21b30	import_address_in_register	not_excluded
22970	0x21b30	import_address_in_register	not_excluded
2298f	0x21b30	import_address_in_register	not_excluded
229c6	0x21b30	import_address_in_register	not_excluded
22a68	0x21b30	import_address_in_register	not_excluded
22a9b	0x21b30	import_address_in_register	not_excluded
22aba	0x21b30	import_address_in_register	not_excluded
22ad5	0x21b30	import_address_in_register	not_excluded
22af0	0x21b30	import_address_in_register	not_excluded
22b3b	0x21b30	direct_import_slot	not_excluded
22b7f	0x21b30	import_address_in_register	not_excluded
22ba6	0x21b30	import_address_in_register	not_excluded
22bc5	0x21b30	import_address_in_register	not_excluded
22c01	0x21b30	direct_import_slot	not_excluded
22c54	0x21b30	direct_import_slot	not_excluded
22c94	0x21b30	import_address_in_register	not_excluded
22cb8	0x21b30	import_address_in_register	not_excluded
22ce8	0x21b30	import_address_in_register	not_excluded
22d40	0x21b30	import_address_in_register	not_excluded
22d5f	0x21b30	import_address_in_register	not_excluded
22d77	0x21b30	import_address_in_register	not_excluded
22dcd	0x21b30	import_address_in_register	not_excluded
22df1	0x21b30	import_address_in_register	not_excluded
22e1f	0x21b30	import_address_in_register	not_excluded
22e77	0x21b30	import_address_in_register	not_excluded
22e96	0x21b30	import_address_in_register	not_excluded
22eae	0x21b30	import_address_in_register	not_excluded
22f02	0x21b30	direct_import_slot	not_excluded
22f1d	0x21b30	direct_import_slot	not_excluded
22f9a	0x21b30	direct_import_slot	not_excluded
22fe4	0x21b30	direct_import_slot	not_excluded
23021	0x21b30	import_address_in_register	not_excluded
23041	0x21b30	import_address_in_register	not_excluded
23059	0x21b30	import_address_in_register	not_excluded
232bc	0x21b30	fixed_local_nonleaf	not_excluded
23338	0x21b30	fixed_local_nonleaf	not_excluded
233d0	0x21b30	import_address_in_register	not_excluded
2341d	0x21b30	import_address_in_register	not_excluded
234d1	0x21b30	import_address_in_register	not_excluded
234e4	0x21b30	import_address_in_register	not_excluded
234ff	0x21b30	import_address_in_register	not_excluded
23537	0x21b30	import_address_in_register	not_excluded
2354d	0x21b30	import_address_in_register	not_excluded
2357c	0x21b30	direct_import_slot	not_excluded
235ae	0x21b30	direct_import_slot	not_excluded
235e9	0x21b30	import_address_in_register	not_excluded
23601	0x21b30	import_address_in_register	not_excluded
23619	0x21b30	import_address_in_register	not_excluded
23631	0x21b30	import_address_in_register	not_excluded
23649	0x21b30	import_address_in_register	not_excluded
23663	0x21b30	import_address_in_register	not_excluded
23fe9	0x23c10	fixed_local_nonleaf	not_excluded
2455b	0x242d0	direct_import_slot	not_excluded
245ca	0x242d0	direct_import_slot	not_excluded
24630	0x242d0	direct_import_slot	not_excluded
24746	0x242d0	fixed_local_nonleaf	not_excluded
2474f	0x242d0	fixed_local_nonleaf	not_excluded
247fc	0x242d0	direct_import_slot	not_excluded
24a6b	0x242d0	import_address_in_register	not_excluded
24b13	0x242d0	direct_import_slot	not_excluded
24b8b	0x242d0	register_value_flow_open	not_excluded
24bc7	0x242d0	direct_import_slot	not_excluded
24c4c	0x242d0	direct_import_slot	not_excluded
24e28	0x24d70	import_address_in_register	not_excluded
24e7f	0x24d70	direct_import_slot	not_excluded
24fc3	0x24d70	import_address_in_register	not_excluded
24fd5	0x24d70	import_address_in_register	not_excluded
25028	0x24d70	import_address_in_register	not_excluded
25042	0x24d70	fixed_local_nonleaf	not_excluded
25053	0x24d70	direct_import_slot	not_excluded
25064	0x24d70	fixed_local_nonleaf	not_excluded
25086	0x24d70	direct_import_slot	not_excluded
256ea	0x25110	fixed_local_leaf	excluded_for_reviewed_image
25704	0x25110	fixed_local_nonleaf	not_excluded
2577a	0x25110	fixed_local_nonleaf	not_excluded
25f42	0x25ec0	direct_import_slot	not_excluded
26b11	0x26aa0	import_address_in_register	not_excluded
26b7a	0x26aa0	import_address_in_register	not_excluded
26bd3	0x26aa0	direct_import_slot	not_excluded
26c0c	0x26aa0	direct_import_slot	not_excluded
26c31	0x26aa0	direct_import_slot	not_excluded
27494	0x27440	register_value_flow_open	not_excluded
27524	0x274d0	register_value_flow_open	not_excluded
27594	0x274d0	register_value_flow_open	not_excluded
27c8a	0x276b0	fixed_local_leaf	excluded_for_reviewed_image
27ca4	0x276b0	fixed_local_nonleaf	not_excluded
27d1a	0x276b0	fixed_local_nonleaf	not_excluded
28051	0x27f90	register_value_flow_open	not_excluded
2811b	0x27f90	register_value_flow_open	not_excluded
2819c	0x27f90	register_value_flow_open	not_excluded
281d3	0x27f90	register_value_flow_open	not_excluded
28262	0x27f90	register_value_flow_open	not_excluded
2827d	0x27f90	register_value_flow_open	not_excluded
282b9	0x27f90	register_value_flow_open	not_excluded
28378	0x27f90	register_value_flow_open	not_excluded
283f4	0x27f90	register_value_flow_open	not_excluded
2842b	0x27f90	register_value_flow_open	not_excluded
284b6	0x27f90	register_value_flow_open	not_excluded
284d1	0x27f90	register_value_flow_open	not_excluded
28b5b	0x28b30	direct_import_slot	not_excluded
2ab87	0x2ab50	import_address_in_register	not_excluded
2abae	0x2ab50	import_address_in_register	not_excluded
2af49	0x2ab50	fixed_local_nonleaf	not_excluded
2c428	0x2c360	direct_import_slot	not_excluded
2c7c9	0x2c360	fixed_local_nonleaf	not_excluded
2d2df	0x2d240	direct_import_slot	not_excluded
2d33c	0x2d240	fixed_local_nonleaf	not_excluded
2d368	0x2d240	direct_import_slot	not_excluded
2d38d	0x2d240	import_address_in_register	not_excluded
2d3c9	0x2d240	import_address_in_register	not_excluded
30600	0x305d0	import_address_in_register	not_excluded
3062b	0x305d0	import_address_in_register	not_excluded
3078b	0x305d0	direct_import_slot	not_excluded
307fc	0x305d0	direct_import_slot	not_excluded
30861	0x305d0	direct_import_slot	not_excluded
30966	0x305d0	fixed_local_nonleaf	not_excluded
3096f	0x305d0	fixed_local_nonleaf	not_excluded
30a1a	0x305d0	direct_import_slot	not_excluded
31af0	0x31ac0	import_address_in_register	not_excluded
31b1b	0x31ac0	import_address_in_register	not_excluded
31c7b	0x31ac0	direct_import_slot	not_excluded
31cec	0x31ac0	direct_import_slot	not_excluded
31d51	0x31ac0	direct_import_slot	not_excluded
31e56	0x31ac0	fixed_local_nonleaf	not_excluded
31e5f	0x31ac0	fixed_local_nonleaf	not_excluded
31f0a	0x31ac0	direct_import_slot	not_excluded
33566	0x33240	direct_import_slot	not_excluded
33606	0x33240	fixed_local_nonleaf	not_excluded
33680	0x33240	fixed_local_nonleaf	not_excluded
38fac	0x38ed0	fixed_local_nonleaf	not_excluded
38fc0	0x38ed0	fixed_local_nonleaf	not_excluded
39005	0x38ed0	fixed_local_nonleaf	not_excluded
39114	0x38ed0	fixed_local_nonleaf	not_excluded
3916b	0x38ed0	fixed_local_nonleaf	not_excluded
3925d	0x38ed0	fixed_local_nonleaf	not_excluded
3927d	0x38ed0	fixed_local_nonleaf	not_excluded
392a1	0x38ed0	fixed_local_nonleaf	not_excluded
392c7	0x38ed0	fixed_local_nonleaf	not_excluded
392ed	0x38ed0	fixed_local_nonleaf	not_excluded
39306	0x38ed0	fixed_local_nonleaf	not_excluded
398fb	0x38ed0	direct_import_slot	not_excluded
3996d	0x38ed0	import_address_in_register	not_excluded
39984	0x38ed0	import_address_in_register	not_excluded
39996	0x38ed0	import_address_in_register	not_excluded
39a03	0x38ed0	import_address_in_register	not_excluded
39a1a	0x38ed0	import_address_in_register	not_excluded
39a5c	0x38ed0	import_address_in_register	not_excluded
39b5a	0x38ed0	direct_import_slot	not_excluded
39d4b	0x38ed0	import_address_in_register	not_excluded
39d63	0x38ed0	import_address_in_register	not_excluded
39d76	0x38ed0	import_address_in_register	not_excluded
39d8b	0x38ed0	import_address_in_register	not_excluded
39dd0	0x38ed0	import_address_in_register	not_excluded
39f90	0x38ed0	direct_import_slot	not_excluded
3ace9	0x3ac70	fixed_local_nonleaf	not_excluded
3ad16	0x3ac70	fixed_local_nonleaf	not_excluded
3ad27	0x3ac70	fixed_local_nonleaf	not_excluded
3ad4d	0x3ac70	fixed_local_nonleaf	not_excluded
3ad63	0x3ac70	fixed_local_nonleaf	not_excluded
3d72e	0x3d550	fixed_local_nonleaf	not_excluded
3d773	0x3d550	fixed_local_nonleaf	not_excluded
3dbf8	0x3db70	direct_import_slot	not_excluded
3dc7f	0x3db70	direct_import_slot	not_excluded
3e2b0	0x3e290	fixed_local_nonleaf	not_excluded
3e2c5	0x3e290	fixed_local_nonleaf	not_excluded
3e397	0x3e370	fixed_local_nonleaf	not_excluded
3e3ac	0x3e370	fixed_local_nonleaf	not_excluded
3e417	0x3e3f0	fixed_local_nonleaf	not_excluded
3e42c	0x3e3f0	fixed_local_nonleaf	not_excluded
3e502	0x3e470	direct_import_slot	not_excluded
3ee71	0x3ed80	direct_import_slot	not_excluded
3ef5e	0x3ed80	direct_import_slot	not_excluded
3f044	0x3efc0	import_address_in_register	not_excluded
3f05b	0x3efc0	import_address_in_register	not_excluded
41059	0x40f60	direct_import_slot	not_excluded
4115d	0x41110	fixed_local_leaf	excluded_for_reviewed_image
4122e	0x41110	fixed_local_leaf	excluded_for_reviewed_image
41247	0x41110	fixed_local_leaf	excluded_for_reviewed_image
41345	0x41110	register_value_flow_open	not_excluded
413a7	0x41110	register_value_flow_open	not_excluded
413cf	0x41110	fixed_local_leaf	excluded_for_reviewed_image
413d9	0x41110	fixed_local_leaf	excluded_for_reviewed_image
413ed	0x41110	fixed_local_leaf	excluded_for_reviewed_image
41528	0x41110	fixed_local_leaf	excluded_for_reviewed_image
41666	0x41110	fixed_local_leaf	excluded_for_reviewed_image
41675	0x41110	fixed_local_leaf	excluded_for_reviewed_image
4178d	0x41110	register_value_flow_open	not_excluded
417aa	0x41110	register_value_flow_open	not_excluded
418ad	0x41110	register_value_flow_open	not_excluded
418c2	0x41110	register_value_flow_open	not_excluded
418cf	0x41110	register_value_flow_open	not_excluded
418df	0x41110	register_value_flow_open	not_excluded
41971	0x41920	fixed_local_leaf	excluded_for_reviewed_image
4197a	0x41920	fixed_local_leaf	excluded_for_reviewed_image
419bd	0x41920	direct_import_slot	not_excluded
419cb	0x41920	fixed_local_leaf	excluded_for_reviewed_image
419d4	0x41920	fixed_local_leaf	excluded_for_reviewed_image
419dd	0x41920	fixed_local_leaf	excluded_for_reviewed_image
419f9	0x41920	direct_import_slot	not_excluded
41da4	0x41d00	fixed_local_leaf	excluded_for_reviewed_image
41dbb	0x41d00	fixed_local_leaf	excluded_for_reviewed_image
41dc9	0x41d00	fixed_local_leaf	excluded_for_reviewed_image
41dd8	0x41d00	fixed_local_leaf	excluded_for_reviewed_image
41de6	0x41d00	fixed_local_leaf	excluded_for_reviewed_image
41df5	0x41d00	fixed_local_leaf	excluded_for_reviewed_image
41e03	0x41d00	fixed_local_leaf	excluded_for_reviewed_image
41e12	0x41d00	fixed_local_leaf	excluded_for_reviewed_image
41e20	0x41d00	fixed_local_leaf	excluded_for_reviewed_image
41e2f	0x41d00	fixed_local_leaf	excluded_for_reviewed_image
41e3d	0x41d00	fixed_local_leaf	excluded_for_reviewed_image
41e4c	0x41d00	fixed_local_leaf	excluded_for_reviewed_image
41e5a	0x41d00	fixed_local_leaf	excluded_for_reviewed_image
41e69	0x41d00	fixed_local_leaf	excluded_for_reviewed_image
41e77	0x41d00	fixed_local_leaf	excluded_for_reviewed_image
41e89	0x41d00	fixed_local_leaf	excluded_for_reviewed_image
41e94	0x41d00	fixed_local_leaf	excluded_for_reviewed_image
41fbe	0x41d00	fixed_local_leaf	excluded_for_reviewed_image
41fd1	0x41d00	direct_import_slot	not_excluded
4203e	0x41ff0	fixed_local_leaf	excluded_for_reviewed_image
42053	0x41ff0	fixed_local_leaf	excluded_for_reviewed_image
42060	0x41ff0	fixed_local_leaf	excluded_for_reviewed_image
42072	0x41ff0	fixed_local_leaf	excluded_for_reviewed_image
4207f	0x41ff0	fixed_local_leaf	excluded_for_reviewed_image
42091	0x41ff0	fixed_local_leaf	excluded_for_reviewed_image
4209e	0x41ff0	fixed_local_leaf	excluded_for_reviewed_image
420b0	0x41ff0	fixed_local_leaf	excluded_for_reviewed_image
420bd	0x41ff0	fixed_local_leaf	excluded_for_reviewed_image
420d2	0x41ff0	fixed_local_leaf	excluded_for_reviewed_image
420f2	0x41ff0	fixed_local_leaf	excluded_for_reviewed_image
42112	0x41ff0	fixed_local_leaf	excluded_for_reviewed_image
42126	0x41ff0	fixed_local_leaf	excluded_for_reviewed_image
42139	0x41ff0	fixed_local_leaf	excluded_for_reviewed_image
42143	0x41ff0	fixed_local_leaf	excluded_for_reviewed_image
42167	0x41ff0	fixed_local_leaf	excluded_for_reviewed_image
42179	0x41ff0	direct_import_slot	not_excluded
44405	0x440d0	fixed_local_leaf	excluded_for_reviewed_image
44617	0x440d0	fixed_local_nonleaf	not_excluded
44625	0x440d0	fixed_local_leaf	excluded_for_reviewed_image
4468a	0x440d0	fixed_local_nonleaf	not_excluded
44693	0x440d0	fixed_local_leaf	excluded_for_reviewed_image
446f8	0x440d0	fixed_local_nonleaf	not_excluded
44701	0x440d0	fixed_local_leaf	excluded_for_reviewed_image
44766	0x440d0	fixed_local_nonleaf	not_excluded
4476f	0x440d0	fixed_local_leaf	excluded_for_reviewed_image
447d4	0x440d0	fixed_local_nonleaf	not_excluded
447dd	0x440d0	fixed_local_leaf	excluded_for_reviewed_image
44842	0x440d0	fixed_local_nonleaf	not_excluded
4484b	0x440d0	fixed_local_leaf	excluded_for_reviewed_image
448b0	0x440d0	fixed_local_nonleaf	not_excluded
448b9	0x440d0	fixed_local_leaf	excluded_for_reviewed_image
44925	0x440d0	direct_import_slot	not_excluded
44c75	0x44940	fixed_local_leaf	excluded_for_reviewed_image
44e9b	0x44940	fixed_local_nonleaf	not_excluded
44ea9	0x44940	fixed_local_leaf	excluded_for_reviewed_image
44f0e	0x44940	fixed_local_nonleaf	not_excluded
44f17	0x44940	fixed_local_leaf	excluded_for_reviewed_image
44f7c	0x44940	fixed_local_nonleaf	not_excluded
44f85	0x44940	fixed_local_leaf	excluded_for_reviewed_image
44fea	0x44940	fixed_local_nonleaf	not_excluded
44ff3	0x44940	fixed_local_leaf	excluded_for_reviewed_image
45058	0x44940	fixed_local_nonleaf	not_excluded
45061	0x44940	fixed_local_leaf	excluded_for_reviewed_image
450c6	0x44940	fixed_local_nonleaf	not_excluded
450cf	0x44940	fixed_local_leaf	excluded_for_reviewed_image
45134	0x44940	fixed_local_nonleaf	not_excluded
4513d	0x44940	fixed_local_leaf	excluded_for_reviewed_image
451a9	0x44940	direct_import_slot	not_excluded
458c4	0x45740	import_address_in_register	not_excluded
458d7	0x45740	import_address_in_register	not_excluded
458ea	0x45740	import_address_in_register	not_excluded
458fd	0x45740	import_address_in_register	not_excluded
45910	0x45740	import_address_in_register	not_excluded
45923	0x45740	import_address_in_register	not_excluded
45936	0x45740	import_address_in_register	not_excluded
45949	0x45740	import_address_in_register	not_excluded
459cf	0x45740	fixed_local_leaf	excluded_for_reviewed_image
459f0	0x45740	fixed_local_leaf	excluded_for_reviewed_image
45a01	0x45740	fixed_local_leaf	excluded_for_reviewed_image
45a12	0x45740	fixed_local_leaf	excluded_for_reviewed_image
45a42	0x45740	fixed_local_leaf	excluded_for_reviewed_image
45a60	0x45740	fixed_local_leaf	excluded_for_reviewed_image
45a6e	0x45740	fixed_local_leaf	excluded_for_reviewed_image
45a7c	0x45740	fixed_local_leaf	excluded_for_reviewed_image
45ba8	0x45740	fixed_local_leaf	excluded_for_reviewed_image
45bf2	0x45740	import_address_in_register	not_excluded
45c11	0x45740	fixed_local_nonleaf	not_excluded
45c24	0x45740	fixed_local_leaf	excluded_for_reviewed_image
45c42	0x45740	fixed_local_leaf	excluded_for_reviewed_image
45c50	0x45740	fixed_local_leaf	excluded_for_reviewed_image
45c5e	0x45740	fixed_local_leaf	excluded_for_reviewed_image
45d8a	0x45740	fixed_local_leaf	excluded_for_reviewed_image
45dcd	0x45740	direct_import_slot	not_excluded
45e00	0x45740	fixed_local_leaf	excluded_for_reviewed_image
45e1e	0x45740	fixed_local_leaf	excluded_for_reviewed_image
45e2c	0x45740	fixed_local_leaf	excluded_for_reviewed_image
45e3a	0x45740	fixed_local_leaf	excluded_for_reviewed_image
45f66	0x45740	fixed_local_leaf	excluded_for_reviewed_image
45fa9	0x45740	direct_import_slot	not_excluded
45fdf	0x45740	fixed_local_leaf	excluded_for_reviewed_image
45ffd	0x45740	register_value_flow_open	not_excluded
4600a	0x45740	register_value_flow_open	not_excluded
46017	0x45740	register_value_flow_open	not_excluded
46145	0x45740	register_value_flow_open	not_excluded
46188	0x45740	direct_import_slot	not_excluded
461bb	0x45740	register_value_flow_open	not_excluded
461d9	0x45740	register_value_flow_open	not_excluded
461e7	0x45740	register_value_flow_open	not_excluded
461f5	0x45740	register_value_flow_open	not_excluded
46321	0x45740	register_value_flow_open	not_excluded
46364	0x45740	direct_import_slot	not_excluded
4639e	0x45740	fixed_local_leaf	excluded_for_reviewed_image
463bb	0x45740	fixed_local_leaf	excluded_for_reviewed_image
463c8	0x45740	fixed_local_leaf	excluded_for_reviewed_image
463d8	0x45740	fixed_local_leaf	excluded_for_reviewed_image
4654e	0x45740	import_address_in_register	not_excluded
46584	0x45740	fixed_local_leaf	excluded_for_reviewed_image
465a1	0x45740	fixed_local_leaf	excluded_for_reviewed_image
465ae	0x45740	fixed_local_leaf	excluded_for_reviewed_image
465be	0x45740	fixed_local_leaf	excluded_for_reviewed_image
466ea	0x45740	register_value_flow_open	not_excluded
46731	0x45740	import_address_in_register	not_excluded
4674c	0x45740	import_address_in_register	not_excluded
46aca	0x46770	fixed_local_leaf	excluded_for_reviewed_image
48850	0x486c0	import_address_in_register	not_excluded
48863	0x486c0	import_address_in_register	not_excluded
48876	0x486c0	import_address_in_register	not_excluded
48889	0x486c0	import_address_in_register	not_excluded
4889c	0x486c0	import_address_in_register	not_excluded
488af	0x486c0	import_address_in_register	not_excluded
488c2	0x486c0	import_address_in_register	not_excluded
488d5	0x486c0	import_address_in_register	not_excluded
4890e	0x486c0	fixed_local_leaf	excluded_for_reviewed_image
4892b	0x486c0	fixed_local_leaf	excluded_for_reviewed_image
48938	0x486c0	fixed_local_leaf	excluded_for_reviewed_image
48948	0x486c0	fixed_local_leaf	excluded_for_reviewed_image
48ac0	0x486c0	direct_import_slot	not_excluded
48af7	0x486c0	fixed_local_leaf	excluded_for_reviewed_image
48b14	0x486c0	fixed_local_leaf	excluded_for_reviewed_image
48b21	0x486c0	fixed_local_leaf	excluded_for_reviewed_image
48b34	0x486c0	fixed_local_leaf	excluded_for_reviewed_image
48cae	0x486c0	import_address_in_register	not_excluded
48ce3	0x486c0	fixed_local_leaf	excluded_for_reviewed_image
48d00	0x486c0	fixed_local_leaf	excluded_for_reviewed_image
48d0d	0x486c0	fixed_local_leaf	excluded_for_reviewed_image
48d18	0x486c0	fixed_local_leaf	excluded_for_reviewed_image
48e4b	0x486c0	register_value_flow_open	not_excluded
48e8e	0x486c0	direct_import_slot	not_excluded
48ec3	0x486c0	register_value_flow_open	not_excluded
48ee1	0x486c0	register_value_flow_open	not_excluded
48eef	0x486c0	register_value_flow_open	not_excluded
48f03	0x486c0	register_value_flow_open	not_excluded
49076	0x486c0	direct_import_slot	not_excluded
49096	0x486c0	fixed_local_nonleaf	not_excluded
490b2	0x486c0	fixed_local_leaf	excluded_for_reviewed_image
490cf	0x486c0	fixed_local_leaf	excluded_for_reviewed_image
490dc	0x486c0	fixed_local_leaf	excluded_for_reviewed_image
490e7	0x486c0	fixed_local_leaf	excluded_for_reviewed_image
49261	0x486c0	import_address_in_register	not_excluded
49296	0x486c0	fixed_local_leaf	excluded_for_reviewed_image
492b3	0x486c0	fixed_local_leaf	excluded_for_reviewed_image
492c0	0x486c0	fixed_local_leaf	excluded_for_reviewed_image
492cb	0x486c0	fixed_local_leaf	excluded_for_reviewed_image
4943e	0x486c0	direct_import_slot	not_excluded
4947a	0x486c0	fixed_local_leaf	excluded_for_reviewed_image
49497	0x486c0	fixed_local_leaf	excluded_for_reviewed_image
494a4	0x486c0	fixed_local_leaf	excluded_for_reviewed_image
494af	0x486c0	fixed_local_leaf	excluded_for_reviewed_image
495e4	0x486c0	register_value_flow_open	not_excluded
4962b	0x486c0	import_address_in_register	not_excluded
49646	0x486c0	import_address_in_register	not_excluded
4a368	0x4a340	import_address_in_register	not_excluded
4a37e	0x4a340	import_address_in_register	not_excluded
4a3d8	0x4a3b0	import_address_in_register	not_excluded
4a3ee	0x4a3b0	import_address_in_register	not_excluded
4a5a8	0x4a580	import_address_in_register	not_excluded
4a5be	0x4a580	import_address_in_register	not_excluded
4b87d	0x4b850	fixed_local_leaf	excluded_for_reviewed_image
4b88e	0x4b850	fixed_local_leaf	excluded_for_reviewed_image
4b89e	0x4b850	fixed_local_leaf	excluded_for_reviewed_image
4b8b1	0x4b850	fixed_local_leaf	excluded_for_reviewed_image
4b8c4	0x4b850	fixed_local_nonleaf	not_excluded
4b8cf	0x4b850	fixed_local_nonleaf	not_excluded
4b92d	0x4b900	fixed_local_leaf	excluded_for_reviewed_image
4b93e	0x4b900	fixed_local_leaf	excluded_for_reviewed_image
4b94e	0x4b900	fixed_local_leaf	excluded_for_reviewed_image
4b961	0x4b900	fixed_local_leaf	excluded_for_reviewed_image
4b974	0x4b900	fixed_local_nonleaf	not_excluded
4b97f	0x4b900	fixed_local_nonleaf	not_excluded
51517	0x51460	fixed_local_leaf	excluded_for_reviewed_image
5152d	0x51460	fixed_local_leaf	excluded_for_reviewed_image
5153e	0x51460	fixed_local_leaf	excluded_for_reviewed_image
515e7	0x51460	fixed_local_leaf	excluded_for_reviewed_image
51604	0x51460	fixed_local_leaf	excluded_for_reviewed_image
51611	0x51460	fixed_local_leaf	excluded_for_reviewed_image
51621	0x51460	fixed_local_leaf	excluded_for_reviewed_image
53998	0x53870	fixed_local_leaf	excluded_for_reviewed_image
539e5	0x53870	fixed_local_leaf	excluded_for_reviewed_image
53a02	0x53870	fixed_local_leaf	excluded_for_reviewed_image
53a0f	0x53870	fixed_local_leaf	excluded_for_reviewed_image
53a1f	0x53870	fixed_local_leaf	excluded_for_reviewed_image
58ab8	0x58990	fixed_local_leaf	excluded_for_reviewed_image
58b05	0x58990	fixed_local_leaf	excluded_for_reviewed_image
58b22	0x58990	fixed_local_leaf	excluded_for_reviewed_image
58b2f	0x58990	fixed_local_leaf	excluded_for_reviewed_image
58b3f	0x58990	fixed_local_leaf	excluded_for_reviewed_image
61bf7	0x61ad0	fixed_local_leaf	excluded_for_reviewed_image
61c0b	0x61ad0	fixed_local_leaf	excluded_for_reviewed_image
61c1e	0x61ad0	fixed_local_leaf	excluded_for_reviewed_image
61c37	0x61ad0	fixed_local_leaf	excluded_for_reviewed_image
61fe4	0x61eb0	fixed_local_leaf	excluded_for_reviewed_image
61ffa	0x61eb0	fixed_local_leaf	excluded_for_reviewed_image
6200d	0x61eb0	fixed_local_leaf	excluded_for_reviewed_image
62026	0x61eb0	fixed_local_leaf	excluded_for_reviewed_image
645a7	0x64580	fixed_local_leaf	excluded_for_reviewed_image
645c8	0x64580	fixed_local_leaf	excluded_for_reviewed_image
645dc	0x64580	fixed_local_leaf	excluded_for_reviewed_image
645f3	0x64580	fixed_local_leaf	excluded_for_reviewed_image
64607	0x64580	fixed_local_leaf	excluded_for_reviewed_image
64621	0x64580	fixed_local_leaf	excluded_for_reviewed_image
64635	0x64580	fixed_local_leaf	excluded_for_reviewed_image
6464c	0x64580	fixed_local_leaf	excluded_for_reviewed_image
64666	0x64580	fixed_local_leaf	excluded_for_reviewed_image
6467a	0x64580	fixed_local_leaf	excluded_for_reviewed_image
64691	0x64580	fixed_local_leaf	excluded_for_reviewed_image
646a7	0x64580	fixed_local_leaf	excluded_for_reviewed_image
646c1	0x64580	fixed_local_leaf	excluded_for_reviewed_image
646d4	0x64580	fixed_local_leaf	excluded_for_reviewed_image
646eb	0x64580	fixed_local_leaf	excluded_for_reviewed_image
64701	0x64580	fixed_local_leaf	excluded_for_reviewed_image
64718	0x64580	fixed_local_leaf	excluded_for_reviewed_image
64732	0x64580	fixed_local_leaf	excluded_for_reviewed_image
64745	0x64580	fixed_local_leaf	excluded_for_reviewed_image
6475c	0x64580	fixed_local_leaf	excluded_for_reviewed_image
64772	0x64580	fixed_local_leaf	excluded_for_reviewed_image
64789	0x64580	fixed_local_leaf	excluded_for_reviewed_image
6479f	0x64580	fixed_local_leaf	excluded_for_reviewed_image
647b9	0x64580	fixed_local_leaf	excluded_for_reviewed_image
647cc	0x64580	fixed_local_leaf	excluded_for_reviewed_image
647e3	0x64580	fixed_local_leaf	excluded_for_reviewed_image
647f9	0x64580	fixed_local_leaf	excluded_for_reviewed_image
64810	0x64580	fixed_local_leaf	excluded_for_reviewed_image
64826	0x64580	fixed_local_leaf	excluded_for_reviewed_image
6483d	0x64580	fixed_local_leaf	excluded_for_reviewed_image
64857	0x64580	fixed_local_leaf	excluded_for_reviewed_image
6486a	0x64580	fixed_local_leaf	excluded_for_reviewed_image
64881	0x64580	fixed_local_leaf	excluded_for_reviewed_image
6488e	0x64580	fixed_local_leaf	excluded_for_reviewed_image
64897	0x64580	fixed_local_leaf	excluded_for_reviewed_image
64966	0x64930	fixed_local_leaf	excluded_for_reviewed_image
64980	0x64930	fixed_local_leaf	excluded_for_reviewed_image
64993	0x64930	fixed_local_leaf	excluded_for_reviewed_image
649a6	0x64930	fixed_local_leaf	excluded_for_reviewed_image
649b7	0x64930	fixed_local_leaf	excluded_for_reviewed_image
649cb	0x64930	fixed_local_leaf	excluded_for_reviewed_image
64a34	0x64930	fixed_local_leaf	excluded_for_reviewed_image
64a4a	0x64930	fixed_local_leaf	excluded_for_reviewed_image
64a74	0x64930	fixed_local_leaf	excluded_for_reviewed_image
64a84	0x64930	fixed_local_nonleaf	not_excluded
64b4b	0x64930	register_value_flow_open	not_excluded
64b87	0x64930	fixed_local_leaf	excluded_for_reviewed_image
64ba6	0x64930	fixed_local_leaf	excluded_for_reviewed_image
64bba	0x64930	fixed_local_leaf	excluded_for_reviewed_image
64d54	0x64930	fixed_local_leaf	excluded_for_reviewed_image
64dcc	0x64930	fixed_local_leaf	excluded_for_reviewed_image
65fd9	0x65fb0	fixed_local_leaf	excluded_for_reviewed_image
65fe9	0x65fb0	fixed_local_leaf	excluded_for_reviewed_image
65ffc	0x65fb0	fixed_local_leaf	excluded_for_reviewed_image
6600d	0x65fb0	fixed_local_leaf	excluded_for_reviewed_image
66023	0x65fb0	fixed_local_leaf	excluded_for_reviewed_image
66033	0x65fb0	fixed_local_leaf	excluded_for_reviewed_image
66047	0x65fb0	fixed_local_leaf	excluded_for_reviewed_image
6605d	0x65fb0	fixed_local_leaf	excluded_for_reviewed_image
6606d	0x65fb0	fixed_local_leaf	excluded_for_reviewed_image
66081	0x65fb0	fixed_local_leaf	excluded_for_reviewed_image
66095	0x65fb0	fixed_local_leaf	excluded_for_reviewed_image
660ab	0x65fb0	fixed_local_leaf	excluded_for_reviewed_image
660bb	0x65fb0	fixed_local_leaf	excluded_for_reviewed_image
660cf	0x65fb0	fixed_local_leaf	excluded_for_reviewed_image
660e2	0x65fb0	fixed_local_leaf	excluded_for_reviewed_image
660f6	0x65fb0	fixed_local_leaf	excluded_for_reviewed_image
6610c	0x65fb0	fixed_local_leaf	excluded_for_reviewed_image
6611c	0x65fb0	fixed_local_leaf	excluded_for_reviewed_image
66130	0x65fb0	fixed_local_leaf	excluded_for_reviewed_image
66143	0x65fb0	fixed_local_leaf	excluded_for_reviewed_image
66157	0x65fb0	fixed_local_leaf	excluded_for_reviewed_image
6616b	0x65fb0	fixed_local_leaf	excluded_for_reviewed_image
66181	0x65fb0	fixed_local_leaf	excluded_for_reviewed_image
66191	0x65fb0	fixed_local_leaf	excluded_for_reviewed_image
661a5	0x65fb0	fixed_local_leaf	excluded_for_reviewed_image
661b8	0x65fb0	fixed_local_leaf	excluded_for_reviewed_image
661cc	0x65fb0	fixed_local_leaf	excluded_for_reviewed_image
661df	0x65fb0	fixed_local_leaf	excluded_for_reviewed_image
661f3	0x65fb0	fixed_local_leaf	excluded_for_reviewed_image
66209	0x65fb0	fixed_local_leaf	excluded_for_reviewed_image
66219	0x65fb0	fixed_local_leaf	excluded_for_reviewed_image
6622d	0x65fb0	fixed_local_leaf	excluded_for_reviewed_image
6624a	0x65fb0	register_value_flow_open	not_excluded
662ed	0x662c0	fixed_local_leaf	excluded_for_reviewed_image
662ff	0x662c0	fixed_local_leaf	excluded_for_reviewed_image
66314	0x662c0	fixed_local_leaf	excluded_for_reviewed_image
6632e	0x662c0	fixed_local_leaf	excluded_for_reviewed_image
6633e	0x662c0	fixed_local_leaf	excluded_for_reviewed_image
66353	0x662c0	fixed_local_leaf	excluded_for_reviewed_image
66366	0x662c0	fixed_local_leaf	excluded_for_reviewed_image
6637b	0x662c0	fixed_local_leaf	excluded_for_reviewed_image
6638e	0x662c0	fixed_local_leaf	excluded_for_reviewed_image
663a3	0x662c0	fixed_local_leaf	excluded_for_reviewed_image
663b6	0x662c0	fixed_local_leaf	excluded_for_reviewed_image
663cb	0x662c0	fixed_local_leaf	excluded_for_reviewed_image
663de	0x662c0	fixed_local_leaf	excluded_for_reviewed_image
663f3	0x662c0	fixed_local_leaf	excluded_for_reviewed_image
66406	0x662c0	fixed_local_leaf	excluded_for_reviewed_image
6641b	0x662c0	fixed_local_leaf	excluded_for_reviewed_image
6642e	0x662c0	fixed_local_leaf	excluded_for_reviewed_image
66443	0x662c0	fixed_local_leaf	excluded_for_reviewed_image
66456	0x662c0	fixed_local_leaf	excluded_for_reviewed_image
66468	0x662c0	fixed_local_leaf	excluded_for_reviewed_image
66478	0x662c0	fixed_local_leaf	excluded_for_reviewed_image
680fc	0x680e0	fixed_local_leaf	excluded_for_reviewed_image
68107	0x680e0	fixed_local_leaf	excluded_for_reviewed_image
6811f	0x680e0	fixed_local_leaf	excluded_for_reviewed_image
68133	0x680e0	fixed_local_leaf	excluded_for_reviewed_image
6814a	0x680e0	fixed_local_leaf	excluded_for_reviewed_image
6815f	0x680e0	fixed_local_leaf	excluded_for_reviewed_image
68179	0x680e0	fixed_local_leaf	excluded_for_reviewed_image
6818d	0x680e0	fixed_local_leaf	excluded_for_reviewed_image
681a5	0x680e0	fixed_local_leaf	excluded_for_reviewed_image
681bf	0x680e0	fixed_local_leaf	excluded_for_reviewed_image
681d3	0x680e0	fixed_local_leaf	excluded_for_reviewed_image
681eb	0x680e0	fixed_local_leaf	excluded_for_reviewed_image
68203	0x680e0	fixed_local_leaf	excluded_for_reviewed_image
6821d	0x680e0	fixed_local_leaf	excluded_for_reviewed_image
68231	0x680e0	fixed_local_leaf	excluded_for_reviewed_image
68249	0x680e0	fixed_local_leaf	excluded_for_reviewed_image
68260	0x680e0	fixed_local_leaf	excluded_for_reviewed_image
68278	0x680e0	fixed_local_leaf	excluded_for_reviewed_image
68292	0x680e0	fixed_local_leaf	excluded_for_reviewed_image
682a6	0x680e0	fixed_local_leaf	excluded_for_reviewed_image
682be	0x680e0	fixed_local_leaf	excluded_for_reviewed_image
682d5	0x680e0	fixed_local_leaf	excluded_for_reviewed_image
682ed	0x680e0	fixed_local_leaf	excluded_for_reviewed_image
68305	0x680e0	fixed_local_leaf	excluded_for_reviewed_image
6831f	0x680e0	fixed_local_leaf	excluded_for_reviewed_image
68333	0x680e0	fixed_local_leaf	excluded_for_reviewed_image
6834b	0x680e0	fixed_local_leaf	excluded_for_reviewed_image
68362	0x680e0	fixed_local_leaf	excluded_for_reviewed_image
6837a	0x680e0	fixed_local_leaf	excluded_for_reviewed_image
68391	0x680e0	fixed_local_leaf	excluded_for_reviewed_image
683a9	0x680e0	fixed_local_leaf	excluded_for_reviewed_image
683c3	0x680e0	fixed_local_leaf	excluded_for_reviewed_image
683d7	0x680e0	fixed_local_leaf	excluded_for_reviewed_image
683ef	0x680e0	fixed_local_leaf	excluded_for_reviewed_image
6840c	0x680e0	register_value_flow_open	not_excluded
684a0	0x68480	direct_import_slot	not_excluded
69eb0	0x69e90	direct_import_slot	not_excluded
6a5c9	0x69f90	fixed_local_leaf	excluded_for_reviewed_image
6a68d	0x69f90	register_value_flow_open	not_excluded
6f863	0x6f6f0	fixed_local_leaf	excluded_for_reviewed_image
730a1	0x73010	fixed_local_leaf	excluded_for_reviewed_image
730b6	0x73010	fixed_local_leaf	excluded_for_reviewed_image
730cd	0x73010	fixed_local_leaf	excluded_for_reviewed_image
730e5	0x73010	register_value_flow_open	not_excluded
7311e	0x73010	fixed_local_leaf	excluded_for_reviewed_image
73131	0x73010	fixed_local_leaf	excluded_for_reviewed_image
7314b	0x73010	fixed_local_leaf	excluded_for_reviewed_image
7315f	0x73010	fixed_local_leaf	excluded_for_reviewed_image
73176	0x73010	fixed_local_leaf	excluded_for_reviewed_image
7318d	0x73010	fixed_local_leaf	excluded_for_reviewed_image
731a7	0x73010	fixed_local_leaf	excluded_for_reviewed_image
731ba	0x73010	fixed_local_leaf	excluded_for_reviewed_image
731d1	0x73010	fixed_local_leaf	excluded_for_reviewed_image
731e7	0x73010	fixed_local_leaf	excluded_for_reviewed_image
731fe	0x73010	fixed_local_leaf	excluded_for_reviewed_image
73214	0x73010	fixed_local_leaf	excluded_for_reviewed_image
7322b	0x73010	fixed_local_leaf	excluded_for_reviewed_image
73244	0x73010	fixed_local_leaf	excluded_for_reviewed_image
73258	0x73010	fixed_local_leaf	excluded_for_reviewed_image
7326f	0x73010	fixed_local_leaf	excluded_for_reviewed_image
73286	0x73010	fixed_local_leaf	excluded_for_reviewed_image
7329d	0x73010	fixed_local_leaf	excluded_for_reviewed_image
732b4	0x73010	fixed_local_leaf	excluded_for_reviewed_image
732cb	0x73010	fixed_local_leaf	excluded_for_reviewed_image
732e2	0x73010	fixed_local_leaf	excluded_for_reviewed_image
732fc	0x73010	fixed_local_leaf	excluded_for_reviewed_image
7330f	0x73010	fixed_local_leaf	excluded_for_reviewed_image
73326	0x73010	fixed_local_leaf	excluded_for_reviewed_image
7333c	0x73010	fixed_local_leaf	excluded_for_reviewed_image
73353	0x73010	fixed_local_leaf	excluded_for_reviewed_image
73369	0x73010	fixed_local_leaf	excluded_for_reviewed_image
73376	0x73010	fixed_local_leaf	excluded_for_reviewed_image
73394	0x73010	fixed_local_leaf	excluded_for_reviewed_image
73400	0x733d0	fixed_local_leaf	excluded_for_reviewed_image
73520	0x733d0	fixed_local_leaf	excluded_for_reviewed_image
7358b	0x733d0	fixed_local_leaf	excluded_for_reviewed_image
735a1	0x733d0	fixed_local_leaf	excluded_for_reviewed_image
7366b	0x733d0	fixed_local_leaf	excluded_for_reviewed_image
736ca	0x733d0	fixed_local_leaf	excluded_for_reviewed_image
736da	0x733d0	fixed_local_leaf	excluded_for_reviewed_image
736ea	0x733d0	fixed_local_leaf	excluded_for_reviewed_image
73727	0x733d0	fixed_local_leaf	excluded_for_reviewed_image
73738	0x733d0	fixed_local_leaf	excluded_for_reviewed_image
7374c	0x733d0	fixed_local_leaf	excluded_for_reviewed_image
73840	0x733d0	fixed_local_leaf	excluded_for_reviewed_image
73850	0x733d0	fixed_local_leaf	excluded_for_reviewed_image
7385d	0x733d0	fixed_local_leaf	excluded_for_reviewed_image
7386d	0x733d0	fixed_local_leaf	excluded_for_reviewed_image
73948	0x733d0	direct_import_slot	not_excluded
758ad	0x75890	fixed_local_leaf	excluded_for_reviewed_image
758be	0x75890	fixed_local_leaf	excluded_for_reviewed_image
758e0	0x75890	fixed_local_leaf	excluded_for_reviewed_image
7590f	0x758f0	fixed_local_leaf	excluded_for_reviewed_image
75923	0x758f0	fixed_local_leaf	excluded_for_reviewed_image
7592f	0x758f0	fixed_local_leaf	excluded_for_reviewed_image
7593e	0x758f0	fixed_local_leaf	excluded_for_reviewed_image
7597c	0x75960	fixed_local_leaf	excluded_for_reviewed_image
7598e	0x75960	fixed_local_leaf	excluded_for_reviewed_image
7599e	0x75960	fixed_local_leaf	excluded_for_reviewed_image
759d8	0x759b0	fixed_local_leaf	excluded_for_reviewed_image
759eb	0x759b0	fixed_local_leaf	excluded_for_reviewed_image
759fe	0x759b0	fixed_local_leaf	excluded_for_reviewed_image
75aa3	0x759b0	fixed_local_leaf	excluded_for_reviewed_image
7606b	0x75f40	fixed_local_leaf	excluded_for_reviewed_image
76086	0x75f40	fixed_local_leaf	excluded_for_reviewed_image
76094	0x75f40	fixed_local_leaf	excluded_for_reviewed_image
76110	0x75f40	fixed_local_nonleaf	not_excluded
7611c	0x75f40	fixed_local_leaf	excluded_for_reviewed_image
7612f	0x75f40	fixed_local_leaf	excluded_for_reviewed_image
7613d	0x75f40	fixed_local_leaf	excluded_for_reviewed_image
761b5	0x75f40	fixed_local_nonleaf	not_excluded
761c4	0x75f40	fixed_local_leaf	excluded_for_reviewed_image
761e2	0x75f40	fixed_local_leaf	excluded_for_reviewed_image
761f8	0x75f40	fixed_local_leaf	excluded_for_reviewed_image
76277	0x75f40	fixed_local_leaf	excluded_for_reviewed_image
76298	0x75f40	fixed_local_leaf	excluded_for_reviewed_image
762a9	0x75f40	fixed_local_leaf	excluded_for_reviewed_image
76330	0x75f40	fixed_local_leaf	excluded_for_reviewed_image
76349	0x75f40	fixed_local_leaf	excluded_for_reviewed_image
76357	0x75f40	fixed_local_leaf	excluded_for_reviewed_image
76365	0x75f40	fixed_local_leaf	excluded_for_reviewed_image
76385	0x75f40	import_address_in_register	not_excluded
763c7	0x75f40	import_address_in_register	not_excluded
763fa	0x75f40	fixed_local_leaf	excluded_for_reviewed_image
76417	0x75f40	fixed_local_leaf	excluded_for_reviewed_image
76424	0x75f40	fixed_local_leaf	excluded_for_reviewed_image
76434	0x75f40	fixed_local_leaf	excluded_for_reviewed_image
76e59	0x76d20	fixed_local_nonleaf	not_excluded
806d8	0x80690	direct_import_slot	not_excluded
80e51	0x80e10	open_vtable_dispatch	not_excluded
8cae3	0x8ca20	direct_import_slot	not_excluded
8caf2	0x8ca20	direct_import_slot	not_excluded
8cb0f	0x8ca20	direct_import_slot	not_excluded
8cc1d	0x8ca20	open_vtable_dispatch	not_excluded
8cc76	0x8ca20	open_vtable_dispatch	not_excluded
8dccd	0x8dc20	open_vtable_dispatch	not_excluded
8dd08	0x8dc20	open_vtable_dispatch	not_excluded
8dd40	0x8dc20	open_vtable_dispatch	not_excluded
8e4ad	0x8e470	direct_import_slot	not_excluded
8e4be	0x8e470	direct_import_slot	not_excluded
8e4f1	0x8e470	direct_import_slot	not_excluded
8f127	0x8f110	direct_import_slot	not_excluded
8f151	0x8f110	direct_import_slot	not_excluded
8f170	0x8f170	direct_import_slot	not_excluded
8f1b2	0x8f180	direct_import_slot	not_excluded
8f1da	0x8f180	direct_import_slot	not_excluded
8f208	0x8f180	direct_import_slot	not_excluded
8f211	0x8f180	direct_import_slot	not_excluded
8f36f	0x8f340	direct_import_slot	not_excluded
8f394	0x8f340	direct_import_slot	not_excluded
8f3ba	0x8f340	direct_import_slot	not_excluded
8f424	0x8f3d0	register_value_flow_open	not_excluded
8f450	0x8f3d0	register_value_flow_open	not_excluded
af799	0xaf780	any_type_id_vtable	excluded_by_blanket_implementation
af7c4	0xaf780	any_type_id_vtable	excluded_by_blanket_implementation
af876	0xaf806	open_vtable_dispatch	not_excluded
af8a8	0xaf806	open_vtable_dispatch	not_excluded
af8cf	0xaf806	open_vtable_dispatch	not_excluded
af960	0xaf806	open_vtable_dispatch	not_excluded
b6a48	0xb6a10	direct_import_slot	not_excluded
b6b17	0xb6af0	direct_import_slot	not_excluded
b6b3a	0xb6af0	direct_import_slot	not_excluded
b6b49	0xb6af0	direct_import_slot	not_excluded
b6b65	0xb6af0	direct_import_slot	not_excluded
b6b73	0xb6af0	direct_import_slot	not_excluded
cf97b	0xcf960	open_vtable_dispatch	not_excluded
cf9da	0xcf9d0	open_vtable_dispatch	not_excluded
cfa3d	0xcf9d0	direct_import_slot	not_excluded
cfac6	0xcfa80	direct_import_slot	not_excluded
fdd85	0xfdd10	open_vtable_dispatch	not_excluded
fddd4	0xfdd10	open_vtable_dispatch	not_excluded
fde76	0xfdd10	format_argument_function_pointer	not_excluded
fdeb9	0xfdd10	open_vtable_dispatch	not_excluded
1120d5	0x112050	import_address_in_register	not_excluded
11214a	0x112050	import_address_in_register	not_excluded
112171	0x112050	import_address_in_register	not_excluded
112199	0x112050	import_address_in_register	not_excluded
1121b0	0x112050	import_address_in_register	not_excluded
1121bc	0x112050	import_address_in_register	not_excluded
11299d	0x112820	import_address_in_register	not_excluded
1129c2	0x112820	import_address_in_register	not_excluded
1129ec	0x112820	direct_import_slot	not_excluded
112ce3	0x112b60	import_address_in_register	not_excluded
112d08	0x112b60	import_address_in_register	not_excluded
112d3c	0x112b60	direct_import_slot	not_excluded
114bca	0x114900	import_address_in_register	not_excluded
114bf3	0x114900	import_address_in_register	not_excluded
114c39	0x114900	direct_import_slot	not_excluded
11528d	0x114fa0	import_address_in_register	not_excluded
1152b6	0x114fa0	import_address_in_register	not_excluded
1152f9	0x114fa0	direct_import_slot	not_excluded
119466	0x1193e0	direct_import_slot	not_excluded
11948b	0x1193e0	direct_import_slot	not_excluded
1194f4	0x1193e0	import_address_in_register	not_excluded
11951e	0x1193e0	import_address_in_register	not_excluded
119551	0x1193e0	register_value_flow_open	not_excluded
1195d0	0x1193e0	register_value_flow_open	not_excluded
1195eb	0x1193e0	register_value_flow_open	not_excluded
119ad6	0x119a50	direct_import_slot	not_excluded
119b04	0x119a50	direct_import_slot	not_excluded
119b43	0x119a50	import_address_in_register	not_excluded
119b6a	0x119a50	import_address_in_register	not_excluded
119b91	0x119a50	register_value_flow_open	not_excluded
119c01	0x119a50	register_value_flow_open	not_excluded
119c1a	0x119a50	register_value_flow_open	not_excluded
11ab3e	0x11aab0	direct_import_slot	not_excluded
11ab6b	0x11aab0	direct_import_slot	not_excluded
11abc7	0x11aab0	import_address_in_register	not_excluded
11abee	0x11aab0	import_address_in_register	not_excluded
11ac21	0x11aab0	register_value_flow_open	not_excluded
11aca6	0x11aab0	register_value_flow_open	not_excluded
11acc6	0x11aab0	register_value_flow_open	not_excluded
11b1cc	0x11b140	direct_import_slot	not_excluded
11b1f8	0x11b140	direct_import_slot	not_excluded
11b23c	0x11b140	import_address_in_register	not_excluded
11b263	0x11b140	import_address_in_register	not_excluded
11b291	0x11b140	register_value_flow_open	not_excluded
11b316	0x11b140	register_value_flow_open	not_excluded
11b332	0x11b140	register_value_flow_open	not_excluded
11bfa4	0x11bf50	direct_import_slot	not_excluded
11bfc5	0x11bf50	direct_import_slot	not_excluded
11c042	0x11bf50	import_address_in_register	not_excluded
11c06b	0x11bf50	import_address_in_register	not_excluded
11c091	0x11bf50	register_value_flow_open	not_excluded
11c0dd	0x11bf50	register_value_flow_open	not_excluded
11c0f9	0x11bf50	register_value_flow_open	not_excluded
11cc44	0x11cbf0	direct_import_slot	not_excluded
11cc62	0x11cbf0	direct_import_slot	not_excluded
11cd41	0x11cbf0	import_address_in_register	not_excluded
11cd67	0x11cbf0	import_address_in_register	not_excluded
11cd8c	0x11cbf0	register_value_flow_open	not_excluded
11cdec	0x11cbf0	register_value_flow_open	not_excluded
11ce03	0x11cbf0	register_value_flow_open	not_excluded
11d5fa	0x11d5a0	direct_import_slot	not_excluded
11d61e	0x11d5a0	direct_import_slot	not_excluded
11d693	0x11d5a0	import_address_in_register	not_excluded
11d6bd	0x11d5a0	import_address_in_register	not_excluded
11d6e1	0x11d5a0	register_value_flow_open	not_excluded
11d734	0x11d5a0	register_value_flow_open	not_excluded
11d756	0x11d5a0	register_value_flow_open	not_excluded
11e2da	0x11e280	direct_import_slot	not_excluded
11e2f7	0x11e280	direct_import_slot	not_excluded
11e3d3	0x11e280	import_address_in_register	not_excluded
11e3f8	0x11e280	import_address_in_register	not_excluded
11e41c	0x11e280	register_value_flow_open	not_excluded
11e481	0x11e280	register_value_flow_open	not_excluded
11e49c	0x11e280	register_value_flow_open	not_excluded
11ec24	0x11ea40	register_value_flow_open	not_excluded
11ed5f	0x11ecc0	fixed_local_nonleaf	not_excluded
11ef51	0x11ecc0	direct_import_slot	not_excluded
11f034	0x11ecc0	fixed_local_nonleaf	not_excluded
1205f6	0x120300	fixed_local_nonleaf	not_excluded
12061e	0x120300	fixed_local_nonleaf	not_excluded
122e98	0x122db0	import_address_in_register	not_excluded
122ebf	0x122db0	import_address_in_register	not_excluded
122f0a	0x122db0	direct_import_slot	not_excluded
12302b	0x122f30	direct_import_slot	not_excluded
12309b	0x122f30	direct_import_slot	not_excluded
1230c0	0x122f30	direct_import_slot	not_excluded
1243b6	0x1240f0	direct_import_slot	not_excluded
1243f7	0x1240f0	direct_import_slot	not_excluded
124412	0x1240f0	direct_import_slot	not_excluded
124441	0x1240f0	import_address_in_register	not_excluded
124468	0x1240f0	import_address_in_register	not_excluded
1244c3	0x1240f0	direct_import_slot	not_excluded
124781	0x1244d0	direct_import_slot	not_excluded
1247ac	0x1244d0	direct_import_slot	not_excluded
1247d2	0x1244d0	direct_import_slot	not_excluded
1247ea	0x1244d0	direct_import_slot	not_excluded
12480f	0x1244d0	direct_import_slot	not_excluded
12485e	0x1244d0	direct_import_slot	not_excluded
1248cb	0x1244d0	direct_import_slot	not_excluded
1248f0	0x1244d0	direct_import_slot	not_excluded
1269a0	0x1267d0	direct_import_slot	not_excluded
126a34	0x1267d0	direct_import_slot	not_excluded
126aa6	0x1267d0	direct_import_slot	not_excluded
126abe	0x1267d0	direct_import_slot	not_excluded
126ad9	0x1267d0	direct_import_slot	not_excluded
126af7	0x1267d0	direct_import_slot	not_excluded
126b1a	0x1267d0	direct_import_slot	not_excluded
128546	0x128250	fixed_local_nonleaf	not_excluded
12856e	0x128250	fixed_local_nonleaf	not_excluded
128e93	0x128ca0	import_address_in_register	not_excluded
128eba	0x128ca0	import_address_in_register	not_excluded
128ed9	0x128ca0	direct_import_slot	not_excluded
128f44	0x128ca0	import_address_in_register	not_excluded
128f6b	0x128ca0	import_address_in_register	not_excluded
128f97	0x128ca0	direct_import_slot	not_excluded
1290b2	0x128fb0	direct_import_slot	not_excluded
1291c1	0x128fb0	direct_import_slot	not_excluded
1291e3	0x128fb0	direct_import_slot	not_excluded
129207	0x128fb0	direct_import_slot	not_excluded
12923e	0x128fb0	direct_import_slot	not_excluded
1292b5	0x128fb0	direct_import_slot	not_excluded
1292db	0x128fb0	direct_import_slot	not_excluded
129312	0x128fb0	direct_import_slot	not_excluded
12933a	0x128fb0	direct_import_slot	not_excluded
12adec	0x12acf0	import_address_in_register	not_excluded
12ae13	0x12acf0	import_address_in_register	not_excluded
12ae56	0x12acf0	import_address_in_register	not_excluded
12ae7d	0x12acf0	import_address_in_register	not_excluded
12aec6	0x12acf0	direct_import_slot	not_excluded
12af94	0x12aee0	direct_import_slot	not_excluded
12b006	0x12aee0	direct_import_slot	not_excluded
12b04a	0x12aee0	direct_import_slot	not_excluded
12b089	0x12aee0	direct_import_slot	not_excluded
12b0c0	0x12aee0	direct_import_slot	not_excluded
12b0fb	0x12aee0	direct_import_slot	not_excluded
12b132	0x12aee0	direct_import_slot	not_excluded
12b157	0x12aee0	direct_import_slot	not_excluded
132f5b	0x132d30	import_address_in_register	not_excluded
132f7a	0x132d30	import_address_in_register	not_excluded
1330bb	0x132d30	import_address_in_register	not_excluded
133147	0x132d30	direct_import_slot	not_excluded
1331ce	0x132d30	direct_import_slot	not_excluded
1331ed	0x132d30	fixed_local_nonleaf	not_excluded
13320b	0x132d30	direct_import_slot	not_excluded
134e80	0x134be0	direct_import_slot	not_excluded
134fde	0x134be0	register_value_flow_open	not_excluded
13506e	0x134be0	direct_import_slot	not_excluded
1350ee	0x134be0	register_value_flow_open	not_excluded
13512b	0x134be0	direct_import_slot	not_excluded
135778	0x1356c0	import_address_in_register	not_excluded
1357cf	0x1356c0	direct_import_slot	not_excluded
135913	0x1356c0	import_address_in_register	not_excluded
135925	0x1356c0	import_address_in_register	not_excluded
135978	0x1356c0	import_address_in_register	not_excluded
135992	0x1356c0	fixed_local_nonleaf	not_excluded
1359a3	0x1356c0	direct_import_slot	not_excluded
1359b4	0x1356c0	fixed_local_nonleaf	not_excluded
1359d6	0x1356c0	direct_import_slot	not_excluded
1372a4	0x136e60	direct_import_slot	not_excluded
1372e8	0x136e60	import_address_in_register	not_excluded
1372fb	0x136e60	import_address_in_register	not_excluded
137311	0x136e60	direct_import_slot	not_excluded
137351	0x136e60	import_address_in_register	not_excluded
137364	0x136e60	import_address_in_register	not_excluded
137377	0x136e60	import_address_in_register	not_excluded
13738a	0x136e60	import_address_in_register	not_excluded
13739d	0x136e60	import_address_in_register	not_excluded
1373b0	0x136e60	import_address_in_register	not_excluded
139ca0	0x1398d0	import_address_in_register	not_excluded
139cb2	0x1398d0	import_address_in_register	not_excluded
139e20	0x1398d0	register_value_flow_open	not_excluded
139e5e	0x1398d0	register_value_flow_open	not_excluded
139f3d	0x1398d0	import_address_in_register	not_excluded
139f4f	0x1398d0	import_address_in_register	not_excluded
13a0bd	0x1398d0	import_address_in_register	not_excluded
13a0fb	0x1398d0	import_address_in_register	not_excluded
13a31a	0x1398d0	register_value_flow_open	not_excluded
13a358	0x1398d0	register_value_flow_open	not_excluded
13a4f5	0x1398d0	import_address_in_register	not_excluded
13a533	0x1398d0	import_address_in_register	not_excluded
13c170	0x13c140	direct_import_slot	not_excluded
13c204	0x13c140	import_address_in_register	not_excluded
13c239	0x13c140	import_address_in_register	not_excluded
13f797	0x13f540	direct_import_slot	not_excluded
141286	0x141200	import_address_in_register	not_excluded
1412a9	0x141200	import_address_in_register	not_excluded
141376	0x1412f0	import_address_in_register	not_excluded
141399	0x1412f0	import_address_in_register	not_excluded
141471	0x1413e0	direct_import_slot	not_excluded
1414b5	0x1413e0	direct_import_slot	not_excluded
1414d8	0x1413e0	direct_import_slot	not_excluded
1415a1	0x141510	direct_import_slot	not_excluded
1415e8	0x141510	direct_import_slot	not_excluded
14160b	0x141510	direct_import_slot	not_excluded
