range/0/8/1/valid	1	5b372333a980735caed845f85ba0a75ad559d7015a4009bf3e8f7b02eeae06e9
range/0/8/1/ip-only-response	0	9eacbb5c973e937fb9cd575a42a441ac1bf50d94114b532f5b9ae7ec5b88a718
range/0/8/1/wrong-domain	0	80b25de2019c656288d93f5d317cdbaa7b8e6949301c1f131737d36f0d58ba48
range/0/8/1/field-0-zero	0	9e5d9cbec0c1d75e27f757e567c466f5119e94b611a1afe7d439eac1d62f07a2
range/0/8/1/field-0-invalid	0	4b3a1fc238f0f0e8b3610d5bdf3ac94851a6738b39f40dbdeb32f69582b2e1f8
range/0/8/1/field-0-point	0	526a7a7e335eaa108be71dbbb242a42c301bcaf46deb35d5f411de49523d0a16
range/0/8/1/field-1-zero	0	dc1af9350dbade47c15b9eca2796b30906f76d4db8b1530de3045c8d086fc14d
range/0/8/1/field-1-invalid	0	a5c8e66106b873ec27e602c8828a62565cfc3a547216a2c71544756ad3952593
range/0/8/1/field-1-point	0	47d25f58f593629ba945323597f13e9d535fb0e05e830db31eaa2e932177b11e
range/0/8/1/field-2-zero	0	3ab53f32365d8db1b0b632946630824fa8aa264b68f62808e0c0e79e914c40bb
range/0/8/1/field-2-invalid	0	ec0de1bfea3c416da84f97588ef6afdde5824daf3bb1a773593af60523fe46c2
range/0/8/1/field-2-point	0	da6687b81b281c41731e1e23fbdca4b4301b11d085cd0f06d92b45dade65c230
range/0/8/1/field-3-zero	0	9965e7b774f4841a5154a3253e96ed1c72987183e5b94b09bf00eb29e69f84c5
range/0/8/1/field-3-invalid	0	4f1e7a1d421aa7627062869f5d314b6a8b555d3ea480f5df98990a3cd3dbe36c
range/0/8/1/field-3-point	0	2c525568d437bc4595bf07b00ada58ff3e7e70489b1d4236666c8aad9e5c7e2e
range/0/8/1/field-4-zero	0	1c46165bb56845e2795f0437b5d586fd9d585ec22fab419bdff53a8ccf4106c1
range/0/8/1/field-4-invalid	0	3f6f2f8d843d2676e39ffb85fabaa550c7408a736252b39f4db23f4ebe171ca0
range/0/8/1/field-4-point	0	3f6f2f8d843d2676e39ffb85fabaa550c7408a736252b39f4db23f4ebe171ca0
range/0/8/1/field-5-zero	0	8b50655e030754ee0f949326137b4fc037b18669d4eac895af2eecc2d72f6f4e
range/0/8/1/field-5-invalid	0	3f6f2f8d843d2676e39ffb85fabaa550c7408a736252b39f4db23f4ebe171ca0
range/0/8/1/field-5-point	0	3f6f2f8d843d2676e39ffb85fabaa550c7408a736252b39f4db23f4ebe171ca0
range/0/8/1/field-6-zero	0	68b2492effabbd94f1f36d57867e927605f00004523f0bf5d43ac626e584fd39
range/0/8/1/field-6-invalid	0	3f6f2f8d843d2676e39ffb85fabaa550c7408a736252b39f4db23f4ebe171ca0
range/0/8/1/field-6-point	0	3f6f2f8d843d2676e39ffb85fabaa550c7408a736252b39f4db23f4ebe171ca0
range/0/8/1/field-7-zero	0	f82b710c08b8a72b91f843b6ff68ce5e97a175f524ade8e9c8ad0ce557fce320
range/0/8/1/field-7-invalid	0	b92cae27e7c8085b231d90f48bdbc7124b02aa9f795a86846baf7d4875b12029
range/0/8/1/field-7-point	0	fde054df815a74cb00cc563e7bb1af7869c472eb1eacb006a71d61ce3d8df710
range/0/8/1/field-8-zero	0	5c5933a1451223892f596d95b36718bf7d4ad94b910c3057fb176444f79ea97c
range/0/8/1/field-8-invalid	0	af4de2c11129dd8882de456b1acc62e3999543c5f26b9ef4869bad079e2aee0b
range/0/8/1/field-8-point	0	d3b0d1283c93d5c7c8bf33b0af41797b00e7f5f605ae90bb4c64c0c1aa83fb79
range/0/8/1/field-9-zero	0	d87810c22d9e7a848a6417a02464e031335e0e21bd36b6179655b29336af0622
range/0/8/1/field-9-invalid	0	c4d7fb8bc508b23a79a6b1479ff05ba26bdf2f1df23ca89c08ecf53233d27903
range/0/8/1/field-9-point	0	54486060de14a68fb21cdd7b7b603fabf6b7efa8647cd6bd8a5b94ecb45c7fab
range/0/8/1/field-10-zero	0	229ae66ada232952ea86c7f7d7b04504521f9d83ba74d397ac2aec410fffb94a
range/0/8/1/field-10-invalid	0	b85e1bf1839bc4c3006e5519c124a4f3298e33c57f10bc1d4fe87b2d22aca085
range/0/8/1/field-10-point	0	05c0a7a0b018c606a428489cf7be98760261b87497a64f9cb8325f1c491e3d58
range/0/8/1/field-11-zero	0	14b8113827e97200a656bb9bc7d2e0c7b44af10c6acc632bb7b4d8cdbfb3a180
range/0/8/1/field-11-invalid	0	7047ced264203481bbcf836555fbedf00c0a6a6c31defa0903b7470ad3204415
range/0/8/1/field-11-point	0	3a179e87ef6e0ce971acf18258f08d54f37563781055ba02772720e1a9fb343e
range/0/8/1/field-12-zero	0	6c4922e013317ad55df65561e972b1d7487be7aee70ad492452eaffae86838fd
range/0/8/1/field-12-invalid	0	1545bbe2a079c2c25403ec0c850130bd6761db039d04e38c9a0eee0bc8bb991d
range/0/8/1/field-12-point	0	0849e08dcd56beed03f9723caf6356007cb8994404c99ae40e57c1fb47806c6f
range/0/8/1/field-13-zero	0	386537d3aed6b9df00c1220894a4991f3dfe7f76de9638905ae57f506af8a99e
range/0/8/1/field-13-invalid	0	3f6f2f8d843d2676e39ffb85fabaa550c7408a736252b39f4db23f4ebe171ca0
range/0/8/1/field-13-point	0	3f6f2f8d843d2676e39ffb85fabaa550c7408a736252b39f4db23f4ebe171ca0
range/0/8/1/field-14-zero	0	49410973c5d7bb0244d47c987c68d809dadc9fd4fd9202cd296a2ab671fe2df4
range/0/8/1/field-14-invalid	0	3f6f2f8d843d2676e39ffb85fabaa550c7408a736252b39f4db23f4ebe171ca0
range/0/8/1/field-14-point	0	3f6f2f8d843d2676e39ffb85fabaa550c7408a736252b39f4db23f4ebe171ca0
range/0/8/1/commitment-0-invalid	0	a96b68250ff730b8a71ca1baa5fe663abf8f10b85f3785417aae80ba50a199f1
range/0/8/1/commitment-0-point	0	4d46a1ed177904846713d93917a017d94669637b543c4c3ce064252c66324580
range/0/8/1/truncated-0	0	3f6f2f8d843d2676e39ffb85fabaa550c7408a736252b39f4db23f4ebe171ca0
range/0/8/1/truncated-1	0	3f6f2f8d843d2676e39ffb85fabaa550c7408a736252b39f4db23f4ebe171ca0
range/0/8/1/truncated-479	0	3f6f2f8d843d2676e39ffb85fabaa550c7408a736252b39f4db23f4ebe171ca0
range/0/8/1/truncated-448	0	3f6f2f8d843d2676e39ffb85fabaa550c7408a736252b39f4db23f4ebe171ca0
range/0/8/1/trailing	0	3f6f2f8d843d2676e39ffb85fabaa550c7408a736252b39f4db23f4ebe171ca0
range/0/8/1/invalid-bits	0	3f6f2f8d843d2676e39ffb85fabaa550c7408a736252b39f4db23f4ebe171ca0
range/0/8/1/short-generators	0	3f6f2f8d843d2676e39ffb85fabaa550c7408a736252b39f4db23f4ebe171ca0
range/0/8/1/short-parties	0	3f6f2f8d843d2676e39ffb85fabaa550c7408a736252b39f4db23f4ebe171ca0
range/0/8/1/empty-values	0	3f6f2f8d843d2676e39ffb85fabaa550c7408a736252b39f4db23f4ebe171ca0
range/0/8/1/nonpower-values	0	3f6f2f8d843d2676e39ffb85fabaa550c7408a736252b39f4db23f4ebe171ca0
range/0/8/2/valid	1	ee6d7a9c9e7aebcdc4cb0ab661629457623ba4bcc04b58d80d2515ad008e4b04
range/0/8/2/ip-only-response	0	984c8d73009e731d129b92fe2838dc244b67ea560f83b5def7fd8ce7845cc302
range/0/8/2/wrong-domain	0	849dfaccd6ead8c997eedc7ef6b1d70b00b3dcaa09cba2ed053d5d5d90a07a32
range/0/8/4/valid	1	814b1351fe7eb3d71e9d023763132332ee6cd03a7f3dfe6e13df7231ec9e301e
range/0/8/4/ip-only-response	0	6af7603f5603f336e6d9d4bf3c80ebb2da35f892f3f9685a5a582f74ace478f8
range/0/8/4/wrong-domain	0	bb2db6618750325b812bac913b005f5f8148f31a6a124bd7e017643bbbc15f07
range/0/8/8/valid	1	af586b18969f8f3dbd57f9f27abf31a441179747fc18534d18f24536c6ae6591
range/0/8/8/ip-only-response	0	cc48b9e7cd63ce5a76d095ef06315a62cca5d36304887c894929aff81ad165f8
range/0/8/8/wrong-domain	0	eb3a43ec6dfc894c3eb56d8e11f95ef7ac650b4046311c07c9b2ecb015424e76
range/0/8/16/valid	1	2c2463703a9d28580b5f099893e755f2bd121a545cb3ac7388e9b56470d7738b
range/0/8/16/ip-only-response	0	87ca0fc904f6b5c4db5e557b9f036f3570ddc69632683a7a2449292fc570f027
range/0/8/16/wrong-domain	0	2e939663d06ace02398b913b51e89ab3f8acebc4ef4a3bdb7764411b038ce42a
range/0/8/32/valid	1	9e86c76656feb8000f51265252dbee4f1ef41492d069aecf1fa41f6f4023c055
range/0/8/32/ip-only-response	0	c43f098b0d04da7971d3eb2313a8a94164e148cbc181398e0414452f9c8adbca
range/0/8/32/wrong-domain	0	dfe93001afe1fea0c03706f496be8ca0b4e280d6edf3b699034e49f2427315cf
range/0/16/1/valid	1	54fd2cb5afdd7938a4de5e527a27ff86e5c97a092d74946cc3452f3105f8816a
range/0/16/1/ip-only-response	0	bba5555b32b473d8949fa9b8e36f4b8d5610eea7cc288cdfc262d068c84ea867
range/0/16/1/wrong-domain	0	9d42ef7cd8220f04cb282f3ee3ca4cc43edfdd929491608736b3cb3e1f927b9c
range/0/16/2/valid	1	5bd59d32eb757927806aa2a1ebb65d5d1f81fa1bf809a5b0e33ec9601bc06819
range/0/16/2/ip-only-response	0	1dfbcf10d342a1694c8c7a7d3b1b237eb39ffa9817171bb87605bddcb4495950
range/0/16/2/wrong-domain	0	7efb517ba156331e5b237f644d3947dfd5a5df9a6a5a471bba7695201be1288b
range/0/16/4/valid	1	38375b5f5bb48d42c93772847ecc149a9f292029742a0aaea7cb3076084ec753
range/0/16/4/ip-only-response	0	e58869a79d6f6112be11563342d832c80bfc2b1073cd8d7aeba849c7869b9628
range/0/16/4/wrong-domain	0	844cf70c80324c3adf4e9c0378e8ca8f8d81b56aa9bf6e31ee4db2e82b3a0417
range/0/16/8/valid	1	f71608bdaa8975ac0c08a4f216f2cf3ad40eeba6d29c294ed68f615984335b35
range/0/16/8/ip-only-response	0	a1beee680e031de90e6243ee20191e25ac2edf0935748f5bdc621d1ba8232e2b
range/0/16/8/wrong-domain	0	0a209238875999186d55f98ed5a081d6626496bdb80c816419e9cc0b82544559
range/0/16/16/valid	1	ddc2a25b84ca089d02d1e3705e8d9d6b5088285dfe29a1d4faafeb5de38d9a52
range/0/16/16/ip-only-response	0	edf9334b67e23e10e87375721806a1697f64668314ea3bdbd2f61f351d04d474
range/0/16/16/wrong-domain	0	3d39f9759f799ad2a63ab3727a26f5e20c78593cfc4c818a2950bc3c7dd1dda3
range/0/16/32/valid	1	d59d720ca6b3fe55c0e34e03336ba082cf2c84055f120ff0004d54348d1399c2
range/0/16/32/ip-only-response	0	c6a3942570fda5e3c64a2904d9f62fad9f42116b56806671d9da4bf6deb2aa84
range/0/16/32/wrong-domain	0	e13c6b29e132ff88d9a12930f60ad548c989bcccea037d54c2dcc7297eb90a54
range/0/32/1/valid	1	db4c0e6ea2d6797d0ce54b844151d1a2855ac39808be976fba8244da4ca468e8
range/0/32/1/ip-only-response	0	e31169f8cdfb56f1372af52349e38bdefa4fa7194595b59ecbcebec9d151bae9
range/0/32/1/wrong-domain	0	5dee342099b20e225ab779b164ac43b181e11a1358cd2dc4637200754d97784e
range/0/32/2/valid	1	8950e084b7252c1bddc410dc8dcc346e416767f2dd40586927cadcdf6ebc4b78
range/0/32/2/ip-only-response	0	0e7d8e6746377ebbd5f242204d02d17af0007bec54658779fc2eae3f2263f67d
range/0/32/2/wrong-domain	0	23a45e1fe9cb9d3e7c17b08bee4db6de92aa6d2d0dd2b855627c13dab1e358ed
range/0/32/4/valid	1	a2c7555cd0d1adcdeff2bf067be7ba2d5e0bcd8d457f59293797cc07785c84a4
range/0/32/4/ip-only-response	0	3f240a53f1f5da81004f0cc711c79159ed5e0dd4215e1e09b792afc69523e80d
range/0/32/4/wrong-domain	0	03f446f281a21ca19dfc042bb05c208b34137f2ce2158d1d61514c7c415ca576
range/0/32/8/valid	1	3755ca529337eb2f34c4657f221d3eaf508761770130d6ec25dd13fa0ffa2ac2
range/0/32/8/ip-only-response	0	00aec60dc7fcc7464f585af43f90da80885aae6259c354a8409928061b4db1ec
range/0/32/8/wrong-domain	0	ccb63bd0d8a54b4dbf663485c4dc851781af9827d171ce5095f17c98d245fe12
range/0/32/16/valid	1	99c9426bf44634e66526b0b85408747da3f54ce43805adcb0cc2c993f7b71080
range/0/32/16/ip-only-response	0	3bedb5926b66c26d8509877bf4a4f0e9bdd6a14a52f6986d2839bdf401fbbad3
range/0/32/16/wrong-domain	0	2f905a76742a44dd1bf0474d653993a8a587d6d385c058b44c06b65f19f1c2db
range/0/32/32/valid	1	bec8bf194f1ee54978b6056fe3708b7037d412cd5c745349567e0616ade755c1
range/0/32/32/ip-only-response	0	f1c35e546e99d67119ff61d0485c3909bf60ead17a9e844732588f87c37d7a50
range/0/32/32/wrong-domain	0	f60a169cc9b543725346c27e6b5d9057ac7bdac17499b4a291e407d4ae927ad9
range/0/64/1/valid	1	407a303734bb9a6f0d0a7c9aeb91675864812746918d6c184639690563dca91f
range/0/64/1/ip-only-response	0	cf1024770158b5bfda90823e7fa980c2cc19b89d80accc000c4aa79a4c2c5b3c
range/0/64/1/wrong-domain	0	50dcb3345821f24880c16d08723d08d9d2a02e363de78d982cb829348e46914d
range/0/64/2/valid	1	fed18d6f8d96e3c17e24cd5826c5052496496ffdfd7757e61695f85ece60d4ac
range/0/64/2/ip-only-response	0	d99ed9f0efec3baee3e5f5da54b819f8827afa21d1ad653046027a9ba44be4b1
range/0/64/2/wrong-domain	0	fd7d5123e0bd92fb8195faa505e67d0d7ae31a2cc7e0d7ebef28dd40d3a62849
range/0/64/2/field-0-zero	0	bf4082301e439746ce8c9b2b0fa4962d95dd3ad05d790e09b857f58205db5992
range/0/64/2/field-0-invalid	0	d083b465f13c46e798b78ab694193d97b1bff1c1e847dd4d5ac592655404c29a
range/0/64/2/field-0-point	0	e5c1da00af9e667123288d1168313dea50bdbfadbffe6ea68e9adf153c42776d
range/0/64/2/field-1-zero	0	74ab0e4e9af0880186847103dd2311a8c15e495d474e6ffa24902f40805045e3
range/0/64/2/field-1-invalid	0	b21066f34b501b5ad83b46b0d52305df93685d961aedf56ec33c1454f2192c12
range/0/64/2/field-1-point	0	34802c894bc87ab774cb8d320be6b192e5eaef95e859bf5fad53a0b46d34518b
range/0/64/2/field-2-zero	0	e889ed9b65a435f8818725e28676bce7c0e68c4e733fc674473123e646e9dc42
range/0/64/2/field-2-invalid	0	1fa7c6b559c44bb29d487aa15e03972a71fd78e6cd88fbdbf91cd57702348731
range/0/64/2/field-2-point	0	1c81c7feeb173042810fab0b7ad7371468283a9f7e5bc75b6411e22ac02ffd8c
range/0/64/2/field-3-zero	0	15ee7ae64c3e436dcd7cb86ba9b7e13cfbbbb7c33db1b8c72363ed769017b168
range/0/64/2/field-3-invalid	0	6d7368ea627661a210d6cea372caa01d7b30d85c020bdbbc7fa8825399f638f4
range/0/64/2/field-3-point	0	245019b275f92b94f22be01a6fcd0a1e2bcae56f61208bd703e2ec54e9868671
range/0/64/2/field-4-zero	0	6e7df465fbf0763d10f42f3959aefdc6f11408b952450fd9c3346e5c81a46707
range/0/64/2/field-4-invalid	0	3f6f2f8d843d2676e39ffb85fabaa550c7408a736252b39f4db23f4ebe171ca0
range/0/64/2/field-4-point	0	3f6f2f8d843d2676e39ffb85fabaa550c7408a736252b39f4db23f4ebe171ca0
range/0/64/2/field-5-zero	0	1ebaed09a2e369dfdb229007b0d16a8d2f16c01ee164dc677c95683cb5ca07fb
range/0/64/2/field-5-invalid	0	3f6f2f8d843d2676e39ffb85fabaa550c7408a736252b39f4db23f4ebe171ca0
range/0/64/2/field-5-point	0	3f6f2f8d843d2676e39ffb85fabaa550c7408a736252b39f4db23f4ebe171ca0
range/0/64/2/field-6-zero	0	5c33ef56bfd6e3b9af0044627f60a7d45f036aab1715801e067b9de6f2350f60
range/0/64/2/field-6-invalid	0	3f6f2f8d843d2676e39ffb85fabaa550c7408a736252b39f4db23f4ebe171ca0
range/0/64/2/field-6-point	0	3f6f2f8d843d2676e39ffb85fabaa550c7408a736252b39f4db23f4ebe171ca0
range/0/64/2/field-7-zero	0	9e1e179aa9b5c0b3a1c8356704222711eeda2e0f23623aab276c8847d2656a2b
range/0/64/2/field-7-invalid	0	4e5b85f0862f289a652689ae92f312a7b108a77e5453d60d4ae82a522bc115f9
range/0/64/2/field-7-point	0	71759cfc12b0147fc7b3bb69a4e292c06cd69a1d26034c36cbcae57bfc3d7df3
range/0/64/2/field-8-zero	0	f83d763de3886a9c4741972feef1d2758729004332251ef5710cbe2a5817c211
range/0/64/2/field-8-invalid	0	1b9b79f8658a91302e4892fcfda12189be116d006f0e8ae04cf8eb2a40c9f14b
range/0/64/2/field-8-point	0	1a04ae6fa0d180798628bb6160940e17a854b3115f307910f4de78538c4c0ad7
range/0/64/2/field-9-zero	0	e68ab7c09aaf57845226d4e5ed92bd5bc68d4ce325d505ab089d9683438651f2
range/0/64/2/field-9-invalid	0	42d919c4ee0218c56abb962af264b0566d5835957e9ba93c43cac3684d2feda8
range/0/64/2/field-9-point	0	14955167f528660496439c838e4ae9229ab6ed422c6aabbfbb2b210ea54fd41f
range/0/64/2/field-10-zero	0	704b11acbbf7f0ca3050187096c33dd6d437454447bf4dc869df409c95a2595a
range/0/64/2/field-10-invalid	0	77f7096696623a4565960b52faa1690084433cb53ac12267878b84de3bca7fed
range/0/64/2/field-10-point	0	e81e7e4445fcdfd52339333ead9c06583f29a6dd2b8ec9b04abd5c3c27d4224b
range/0/64/2/field-11-zero	0	6eae44e931d556a1594fdf605a9b4b418f34ae37b461bde363104a22794219bc
range/0/64/2/field-11-invalid	0	bc9a9fdad8c40732aaa2c5e95ab8157599b9f5a05506112c7c3a38fc436ab084
range/0/64/2/field-11-point	0	78015cfbbe6bb51fb6b5960da9d5e9d6500eea09c15b9fe372cabb22be02bcb0
range/0/64/2/field-12-zero	0	0ecb31814b7031003120748663e3bd7d335f92ca355781b02676705d587f1bb8
range/0/64/2/field-12-invalid	0	cd7cde33d71ab0e857b6b8267dab611330638797e2566e234220525dbfd8c927
range/0/64/2/field-12-point	0	2e3bdb8f81f7049c5641aca58e51541f2bccd5c707ef43d2a7dfa67e3e95244c
range/0/64/2/field-13-zero	0	dcd564e01a6617d12c99bb7d9d87a8df21cc3e996cce4291bc9cc152da55d796
range/0/64/2/field-13-invalid	0	7d8de1f32907af46422a94faa5f027a8c7aac11814beb0913049d79cb89b4e02
range/0/64/2/field-13-point	0	91bed84d5303a272ffdfa564c52b8d4572d17665d920903f02cb9365f59b7cd0
range/0/64/2/field-14-zero	0	ced9260a98a9c266c4c63750b5904ca87ac3a3c24e904b03c1a6673ca13998a3
range/0/64/2/field-14-invalid	0	53290f1e0d8143a892517f27b8635329a6fd7d48860808d3b4b07a1ad9ab5dbe
range/0/64/2/field-14-point	0	cd0780b3845f5333af17fb8d96c35ce456aed4e3c119a7b84a09ead82765878f
range/0/64/2/field-15-zero	0	0e1617779b836d8735e6352948c80580b5b81d2b14da17179f86f101f7b3e724
range/0/64/2/field-15-invalid	0	a93aa09d18f3555a511bae547147bff20042df4b4b759d400665658b4acd112b
range/0/64/2/field-15-point	0	b04c78a14ed900ca202dac4bbed711df35e9433e920c76d951c82060fcb820ab
range/0/64/2/field-16-zero	0	51276353b36118c6d5d3cab8837b4d9da4ae0a12daa1eecc076db305a7880f52
range/0/64/2/field-16-invalid	0	0016b17d76f3d5721e557d13f4c8f6c78df37a36da0570f01781325700109dfd
range/0/64/2/field-16-point	0	7b4a033ed27b61a3f75c9cfc1ffd56903896199fa570c3270aca9780e44cbc1a
range/0/64/2/field-17-zero	0	70c82fac8def2e8471f43f946b1b956ae55e9f134653f67a711487aec06085a1
range/0/64/2/field-17-invalid	0	9492237617ebaab5c6dd5f9ac5a022eecb0d8cd96ad775a6caec1b471c2c3e0b
range/0/64/2/field-17-point	0	e764c05e1cc2c63c6840d4d60faf8e0b0b01a3861b2b6b78f588c207869ccf94
range/0/64/2/field-18-zero	0	5b40701f6852d9844f3056df2ee66e3deb9bcdad8a96289e92d776c5a2c2844b
range/0/64/2/field-18-invalid	0	315edf33e7531ca8b4584249fd6c302c478de640da460513c5db321467935540
range/0/64/2/field-18-point	0	f6c3990f45dc1a8ad694e167ed7f8b122ea30eff5bd66298befec1483352afd7
range/0/64/2/field-19-zero	0	16b606fca9fd5f346d7b7a7e905f67f5596841f4a19f4d53165066250c08ef2c
range/0/64/2/field-19-invalid	0	543b6ffd15fb77335c9a0d37c058509e66cf41f57d261c7c17f1854e80137ead
range/0/64/2/field-19-point	0	9bdcf234f54b7e5f3aa35e361c6a8f3a49c934349995597bab505775f92f11fe
range/0/64/2/field-20-zero	0	72323ce6d5feae1b22c57c7ee9107697d198aa84d29457e217f74e0e45dc91b3
range/0/64/2/field-20-invalid	0	45e088910a1b759b3f941ed81af34ff2ca641567f95fe83a3c12921da1b8bddf
range/0/64/2/field-20-point	0	577e6aa6d1acc656e9c61fc1c2f0128997b9f5e72853a5cde5cff4532746302a
range/0/64/2/field-21-zero	0	d640a51f12656303afeace37a96382dc2e6d59a30542082228586d556573d09e
range/0/64/2/field-21-invalid	0	3f6f2f8d843d2676e39ffb85fabaa550c7408a736252b39f4db23f4ebe171ca0
range/0/64/2/field-21-point	0	3f6f2f8d843d2676e39ffb85fabaa550c7408a736252b39f4db23f4ebe171ca0
range/0/64/2/field-22-zero	0	07b0e534b64f356be1cf81be910b35262ac5f38290576b61849574a5ac17468d
range/0/64/2/field-22-invalid	0	3f6f2f8d843d2676e39ffb85fabaa550c7408a736252b39f4db23f4ebe171ca0
range/0/64/2/field-22-point	0	3f6f2f8d843d2676e39ffb85fabaa550c7408a736252b39f4db23f4ebe171ca0
range/0/64/2/commitment-0-invalid	0	5ffe9ea9fe333666deee29220e01c29331d9807d8ccfef274a8f7023f84da677
range/0/64/2/commitment-0-point	0	3353ed489d5bdd357a864da233a97e3dc1d889a31e992d31a1643dac140c2ca7
range/0/64/2/commitment-1-zero	0	64f7eb46a39b267bec41b51cc48991f2213e354876a4b357ffd356156e830aea
range/0/64/2/commitment-1-invalid	0	05fb0d88dca5b58156fa67788b69f78623ba024cd99499266a40efb8cb97fe58
range/0/64/2/commitment-1-point	0	6e4ca8d201f7dfc305533c3b4a8bf2730b3c5d0e7744e520cd8f4886b5c90a4e
range/0/64/2/truncated-0	0	3f6f2f8d843d2676e39ffb85fabaa550c7408a736252b39f4db23f4ebe171ca0
range/0/64/2/truncated-1	0	3f6f2f8d843d2676e39ffb85fabaa550c7408a736252b39f4db23f4ebe171ca0
range/0/64/2/truncated-735	0	3f6f2f8d843d2676e39ffb85fabaa550c7408a736252b39f4db23f4ebe171ca0
range/0/64/2/truncated-704	0	3f6f2f8d843d2676e39ffb85fabaa550c7408a736252b39f4db23f4ebe171ca0
range/0/64/2/trailing	0	3f6f2f8d843d2676e39ffb85fabaa550c7408a736252b39f4db23f4ebe171ca0
range/0/64/2/invalid-bits	0	3f6f2f8d843d2676e39ffb85fabaa550c7408a736252b39f4db23f4ebe171ca0
range/0/64/2/short-generators	0	3f6f2f8d843d2676e39ffb85fabaa550c7408a736252b39f4db23f4ebe171ca0
range/0/64/2/short-parties	0	3f6f2f8d843d2676e39ffb85fabaa550c7408a736252b39f4db23f4ebe171ca0
range/0/64/2/empty-values	0	3f6f2f8d843d2676e39ffb85fabaa550c7408a736252b39f4db23f4ebe171ca0
range/0/64/2/nonpower-values	0	3f6f2f8d843d2676e39ffb85fabaa550c7408a736252b39f4db23f4ebe171ca0
range/0/64/4/valid	1	a4661dea6f351f13bc1761b7874dbe98364569dcef30acdd04a4519df10b6217
range/0/64/4/ip-only-response	0	ad15246cd2b6b17e1155b2c65d3d6a0a32806b7125f21d9fcee7b9a7495001fa
range/0/64/4/wrong-domain	0	5e037857578e36e3c85ed1f2f07dc4351c6fa125d45e1f59a9217beb9817df0d
range/0/64/8/valid	1	35d83b1588d89cbd0305c4d1858140007a6d99c1f64c8d260d6bde53e1a9f4da
range/0/64/8/ip-only-response	0	bdbe9c3dc0b0cebfb2787609cf8f8b68bad248ee25e23b4634ea07b2f131a5f5
range/0/64/8/wrong-domain	0	c7a03a72a726f4b4d58219be62ac43b303193d36a5b6bf5f453a7abcc293b60f
range/0/64/16/valid	1	11a788a2e8cb4973f7d3b2e3f46df868ae690449498e251a195860ea09be4550
range/0/64/16/ip-only-response	0	490aeca2aad08e46a629d08dba6e87ddd33d20d85bb959208104e6d05bc9b481
range/0/64/16/wrong-domain	0	9bbb88b10c424a9941e7f1fb01c0c45cbfed3614c26921730d34c8dab08bad5e
range/0/64/32/valid	1	8a3d37ae096b2bc843ffe567059ce16325b8049f7ef2d305031f223a67e9d7d1
range/0/64/32/ip-only-response	0	a717d588d30fd506cfd8a1dcbfb89ffd509027e4712aa402f2bf136ef096a95f
range/0/64/32/wrong-domain	0	408f034a6198db8a9f37d3c9feb33aee4785fcf857972f433a86a09ac8788fc8
range/1/8/1/valid	1	d3514638956f509abd9a15358d24e788f58a38e65919c13d046f1b8ab49c7a79
range/1/8/1/ip-only-response	0	e943c7be659fcd4949d4abadb1b94cd82e2d41c118274518c2197d18dc9835af
range/1/8/1/wrong-domain	0	8d33992d830de323f4897a9e62d6007daffaf5248b7b21da3ed187589f940301
range/1/8/2/valid	1	4d9417ab876761bc5e02b8be082da3cea6fde60fe66004c04b012a4a6e253b61
range/1/8/2/ip-only-response	0	9fb07d7337522ce4def6567f6116f78da756bdcc14a1f6495e1d9651690bebf4
range/1/8/2/wrong-domain	0	8cc5be249765c4010bd18e0eb6d2bdd3c1157208c402cd34a208a469c9e8918e
range/1/8/4/valid	1	54ff80757bfa902cb3ae1c293cabb9da6b73754c25292372653d5239d53fe168
range/1/8/4/ip-only-response	0	7ec56d521ff5566f250b81a42d698dd99a89ef2ef8d00ed1a9af115d9b541bab
range/1/8/4/wrong-domain	0	26dbde57cea930f2c811c6d80aafd806c43afd299311869285839cc5bc1c51b5
range/1/8/8/valid	1	a3c3aae807c09cbc9ccdc1b590161a9ad102e73edb1d0cc0d81a4429cb4d3ce8
range/1/8/8/ip-only-response	0	e33db4260dd6959464be3e81a55e68da37a52a8e8dd427a408ab20ce78a3a9ae
range/1/8/8/wrong-domain	0	41d5be23be4ca5b538d52c0f2ca6d4f1f9403b7332f96fd690218c0fcb99d730
range/1/8/16/valid	1	7ab888621261e08ef1b3dbb1bcff06cdcb08f87b0122cf4b21d9fec94839a31c
range/1/8/16/ip-only-response	0	5d959a3b58a74584ca4cc0c634582f9ff2b0b60a8feb026b48acefea27b062f1
range/1/8/16/wrong-domain	0	c399ae330c93b1a6b7f8b81462ce1348d8e8b01025dd4e5e244cfb152fa3a3ce
range/1/8/32/valid	1	c6db1fe95ab99e61a2a4d3be08cc64c4cf597f3e3d5c18f31b7ba1719ec017e7
range/1/8/32/ip-only-response	0	df029509617d30380902d623a939e6db2bd26e6a539774e4c4aa4075bfefe507
range/1/8/32/wrong-domain	0	53bf29590bc8a1182e6d87641a2bd573fbb93e68762e3e4bd99f20af73e7579d
range/1/16/1/valid	1	5fd1a7485afdb7fbb783dc9cf8055d0def37c8b43cc255315537897a4f43d9e9
range/1/16/1/ip-only-response	0	5dfc51c2fb9874e2418e531c37483fd47ee7b3704e709e9c38562bf8f66caa47
range/1/16/1/wrong-domain	0	1fc843e445482e29559386130b71f345342fced8f2071d7105c328b8ca1deecb
range/1/16/2/valid	1	1e4db27759590e05905bf4103454befe4ee3529f22782563a51e556edfa07293
range/1/16/2/ip-only-response	0	b4f8159fcc1f4bab23be9121153722f9e46907a8086708d86430b81650615927
range/1/16/2/wrong-domain	0	928aa772be181789ee345f4a5ff446af0d3983b33dd003f713fa31edb719f97f
range/1/16/4/valid	1	d13f3c723437156be583319b3dcb085a0408cfecc9a93558188fc03aba6fcc61
range/1/16/4/ip-only-response	0	89efdfe470d4328b4b9bf9b57823aa848a891055c292f2abdc5e2fb0804ae594
range/1/16/4/wrong-domain	0	0efa7689fbce0ba7630dd5d8154858bf56c083a901ccc07456213775bd2e5c00
range/1/16/8/valid	1	4293d8f347fc3042d75f85658057e8c1bb7866ca9d592615c72a19ef4269b0e5
range/1/16/8/ip-only-response	0	8af459b6cb335933f3df68358dc4d9d502575f39833dd4b5a188c327725df3c8
range/1/16/8/wrong-domain	0	1aeb82ced8b3642f4f3453a0e7ac9ef6e06915f73930e89730cebb646c4cf63f
range/1/16/16/valid	1	cb240377c006b1c1549f1d5240d7afa2374a89353e1a02648d8ea4b27a544796
range/1/16/16/ip-only-response	0	04719c2b23d3db91dbbf96908c37c76b960800cf4377bc4acc202ce90cb72aa9
range/1/16/16/wrong-domain	0	d369dfd76e4c4be33dc6b08bda0aa34916a693f812cb42c60395c3fc8598e500
range/1/16/32/valid	1	61a724aa9a3a0fb023ae92ec567a28679ebf7aa51a0bde726b1fec4867a5f85a
range/1/16/32/ip-only-response	0	48cff9c90d73ea6fb59514eb95f68b2d18b7bb2e7cf6ff87668bb053658b0995
range/1/16/32/wrong-domain	0	9a803b8da450136807b358c030fb5a912c8befb95fbca0e267ee81f33fc23745
range/1/32/1/valid	1	8b43ee0555d7af81d265cec332e1c72f6477fd5e7b1df355ae77a333df41ff1b
range/1/32/1/ip-only-response	0	d92e5190568f83de47b69185a4f8464bb7ea207304e7037e2c814f199286c9d7
range/1/32/1/wrong-domain	0	33b387cb6b496c626d670a76cd1d5d7d760f40ef46f8aed122e1b1e3104563c1
range/1/32/2/valid	1	dd34122ed2e1789878cce55e82911eead676518d0ff9615b2f56d7c6bc996897
range/1/32/2/ip-only-response	0	c1817d5a5e2a758c1f6b2901eb4e95476739ed5dc8a419f2b06e23e136b22fa3
range/1/32/2/wrong-domain	0	6e1a9dfb8b7aa526a94cc94886ebf0c43c68043f2d7399635f05429381d02bbe
range/1/32/4/valid	1	bc7d89ad7d37ada8f355eb26c0d2fb7fce4b34b5df0382d14fa864582ed22197
range/1/32/4/ip-only-response	0	7fd2cc01f657520d1a6bebe6783ed9981a5c099bb9e8e205ca3f9cda1fca5266
range/1/32/4/wrong-domain	0	2cefa69b2be577af4b6381348cb441d2cba6bd99c8907a5908252eb7eb321c4d
range/1/32/8/valid	1	9cdc81880ff34c87cc8ceae55ceaf0c47aee8a687438db326b2dc9f09701f5ae
range/1/32/8/ip-only-response	0	bb816d890dddf76a0d4f7666b20deb3d5fd03a9b59b860354eba0d358c4cb662
range/1/32/8/wrong-domain	0	c5b33bc4cbdd25f634b23098c8ab09bc237c6a6b3b0e91314cfd1cc0b438245b
range/1/32/16/valid	1	33e84065cad1404a9e0ada87eb292b35d7c222839d148b705ae71604b44ac160
range/1/32/16/ip-only-response	0	7b97b2c61271f76bd22982220028d07f3284edd2fa593b911b08e6a85a490faa
range/1/32/16/wrong-domain	0	c7c4268a96b608c8de112a01ce293bbbaccb7e339a27ce9f63333a6eeddd1c52
range/1/32/32/valid	1	80266052a7ddee49015e9eabeaaba1dd26f6dc8d6383d2d97679aec2ab0adfe1
range/1/32/32/ip-only-response	0	976d296af0153e71c2d8269a1853baec370391a2ba653d53d1274cdaf09be12a
range/1/32/32/wrong-domain	0	e5efbce4c005936077088322ca4ab71095bedeb69754822fec369ee8965f6b7a
range/1/64/1/valid	1	1f474f6ddb112623456901db8c185aac6cde0a94098d9382bd227311d5da2d71
range/1/64/1/ip-only-response	0	6b290e6139a00a3992a4fe43ded1d88794b5630dfa389a2b3ad9fec66e8a7389
range/1/64/1/wrong-domain	0	180d1112fc53c576bc766077883acb2f15cd88b2a64558d44e5aea895ba1ab02
range/1/64/2/valid	1	0029acd0e8c156b6d14de6096f7f7bd5b6352c341a1b8af7850d247864a810ca
range/1/64/2/ip-only-response	0	ae77242187df7acd648034eb317b598fb37f5d0ed636787bd6451541205b50a6
range/1/64/2/wrong-domain	0	94ed0a4e4bc9a5b85f0185209e914658070be692c680ae498971c9c75366b44e
range/1/64/4/valid	1	406aea171071dd5010b6e4a6d4c0e2eda0ae18f8a9175d50033ed5ea348140cf
range/1/64/4/ip-only-response	0	57c1bb42bff1234c211eee249a5ce0712d911ea5a5fe502035ef90070dc08b6d
range/1/64/4/wrong-domain	0	a51ec697c380338da153a05a0a10eca6d35aaf38fcab31a8f915113ac0603d81
range/1/64/8/valid	1	1ac7e5aedbb579d201ed094a85f3763fde4f9f8911c3bf771a4fd43cb01c53ba
range/1/64/8/ip-only-response	0	b1dac1cd78466cc561a9f6609e8462c1a6261ed03d8bf45e1159fc036f47adc2
range/1/64/8/wrong-domain	0	bb6efff38e4f49f85a89e4fa8f408b3ce31b14f268fc05db58444bb39e21a45b
range/1/64/16/valid	1	feea39aa337f711964a3e87d97fbae6fb0538909eb88f2f01cf6a3b4d783011b
range/1/64/16/ip-only-response	0	54ab88ef21a32f508b70b046506970bc044718236d3b047d878a90218db5d116
range/1/64/16/wrong-domain	0	b36829de7a06da4ea0d860a40442443d24c6cd7f7a4960c947916ae9c7466c09
range/1/64/32/valid	1	fbe19ec07528ab7f4668c729fd38d7a2847832f6713c957d8fe5ded800a1fe7c
range/1/64/32/ip-only-response	0	6f1081f21ac4c6cba06bd689ed8277f02051225b22d569929882f979bc90df5e
range/1/64/32/wrong-domain	0	930d982fefe25ef1350d8313aef4648e42892fe3021b5ae8a9254b4fa9cb8153
range/20260909/8/1/valid	1	56d85c742491e0073aa0882cc7dbcaefa8cee5a62f3009237bbf2c1d5418a5dc
range/20260909/8/1/ip-only-response	0	5e74de340a576b434fdf51b030f9ad16c9359d353e5f729f7834efa080fe2318
range/20260909/8/1/wrong-domain	0	554d4c6fe571db88f7c99812500eba498f7c222284ff266727bc8bab2e78941c
range/20260909/8/2/valid	1	c1686c6416d7dff26401bd9cb9319c57612929192762fb1e5b874691e0189333
range/20260909/8/2/ip-only-response	0	2fa4512ede29741e14f04931ceee886d4c4e4e358827b197fd35735240d37421
range/20260909/8/2/wrong-domain	0	be2185adc8891f545507e20a00c92e9bb9fcab9d2fa67fc7167b4754a046115f
range/20260909/8/4/valid	1	1c08a3e2d8a3f32ead2bdd9da75195893331b2759e771d9326873d52323a9cbe
range/20260909/8/4/ip-only-response	0	df9b42ea539a8b182add22058aaf34d6ff5eb251d2a0ae2f55c509b0989053ac
range/20260909/8/4/wrong-domain	0	b8281fa9f544420d8b3cdce8bd2838582a33cc5ace8841c1b0461ec3a7c3ad5f
range/20260909/8/8/valid	1	fda3c94b48982112ad6a67c0c116a1aadc6acde4def689635eeb55d84edc6371
range/20260909/8/8/ip-only-response	0	44bf18c986669490153461bb2fb1c39f51ad8e510c5b116b40b47cec9580feb5
range/20260909/8/8/wrong-domain	0	2bda4eba9efa74e6b97f83296c11a0c8bab76d265bbf214885eb50ce4ac98fdd
range/20260909/8/16/valid	1	5d84c8caa4db42ae234b23552eb51ef5d47cfb2de8d70eca2d61c4dff562c386
range/20260909/8/16/ip-only-response	0	c120214780343add3b8ec583289dd1f6e4b7aad97bd37a24c53ff25dcf92ddaa
range/20260909/8/16/wrong-domain	0	365e38fd96ba08acb8bc297bf851e25ba5367c1760e56feb3c8c0b57d5a300aa
range/20260909/8/32/valid	1	b94131333588eaa9052d3ced83351b414d22028b7c42867bb9831d75920f880a
range/20260909/8/32/ip-only-response	0	a83e466f5e36296963edae6a56bda5041ad0bbebb6dbd2d2a0a554261305acef
range/20260909/8/32/wrong-domain	0	e85e751f02d4974b87f8c78a3f0e29f908fc0c4609c6b185dcb2d3e10410962f
range/20260909/16/1/valid	1	affa83ad5ed17f6c9ce6dd6c261c1311a69b71e0009b010681be9bf7999b3f52
range/20260909/16/1/ip-only-response	0	70a19cb1518d377b693e48bf049ab6890aa19521913a57f9aa03c5f8b764ef3f
range/20260909/16/1/wrong-domain	0	91353c5f3c71d62bfa0ecd14fba5985dd3d2442fd691c2dff354b129db006524
range/20260909/16/2/valid	1	a66faca8a5f2811f445a8132d291b780cd689b760fdf5d627b83bd0520aeb297
range/20260909/16/2/ip-only-response	0	9f2bcecd382e2659948d264949e42055a34bd9afbdbbcf25e124e369f8189305
range/20260909/16/2/wrong-domain	0	549e32f9bfd4e3a284a12a2baac25184b9c8ac8ea7f8261ff8773d40866ff645
range/20260909/16/4/valid	1	6422858b2f79955eda94a86bfe61f7ee8f24afcef33f93c772fde17046476300
range/20260909/16/4/ip-only-response	0	1386f43df5d21148001388f3cb730e04fd6d2a7700cc09a134b66083b2867439
range/20260909/16/4/wrong-domain	0	79974bdea310892e4651d2c5c1126f55e7a675d0e60fe041d5e293165c0cfafd
range/20260909/16/8/valid	1	ac2b403db62e14b04e92e626be6516f13c95dd0e17226a81dfee8964d3b0666c
range/20260909/16/8/ip-only-response	0	133954e6dd313f2b14d37e5a4bfb6436a7c088bc18557f8e80560a472203cd67
range/20260909/16/8/wrong-domain	0	326676abc4840602350eba430bae57d43660086ee0c78a6e922fee0e7b5c27b2
range/20260909/16/16/valid	1	b239e83cdc83336b08cd931ae4dedcaccdd4f7b3ebdfb4820620cc610eaafefb
range/20260909/16/16/ip-only-response	0	180ab9f1b52d1b7c233ad9f1720f443a278a68f4d8e4b03e366f14b7cdb44be2
range/20260909/16/16/wrong-domain	0	da39412c8fa20a4705ded3a8754749502c85c1cdb3b7f3fbd63a6eed5528aee8
range/20260909/16/32/valid	1	ebb435015747d06a29a7b968bc3416f641956df91ac66d9545f657658ce5e2f8
range/20260909/16/32/ip-only-response	0	8099ee7d98d9bf3dc2265a022cf8f5a6e06b954a4ce761c8d77484ce8e99624c
range/20260909/16/32/wrong-domain	0	7435e5b084073ad5ccf1dc30969bdae259903ff772e7f73f3c96cafd9cbad9a1
range/20260909/32/1/valid	1	183bb9997c2ad868ea2b7b6d6f81a915e8b6653383a5a84ef6a83b349a2d8d57
range/20260909/32/1/ip-only-response	0	3d9854be0306893b9baa5ecd361157d285472c0f21f53534e33e81d1ae16c10a
range/20260909/32/1/wrong-domain	0	3ac25ee984a22d12956de824d9f843ca9d713e21259ae88351dd1ea5fc326659
range/20260909/32/2/valid	1	ecaf8c381647c64709a8b9fbd56cb19b4a67d3d832443438802ff97dab944a37
range/20260909/32/2/ip-only-response	0	77808f09adf35bab4e3ee7f0831316956ece727c05905660b64949365e877177
range/20260909/32/2/wrong-domain	0	4b5a2770c8214f5ab57bf5546c4b6ada9dbd10a15b8ad1e8da6681cd50e8494b
range/20260909/32/4/valid	1	08a9e47409a429320c6bdfa7631e6c32b63450d24508f7484a36a5942497900c
range/20260909/32/4/ip-only-response	0	49ab7a0a66a5db74b39394a4ebc357c97b242e9a50539ef57d76f926f7f4ce6e
range/20260909/32/4/wrong-domain	0	e1eaef3948bfeaff4e80d6ce10035fd0adae6f5e21006f6aff0d48d6ef2b3866
range/20260909/32/8/valid	1	3e626a037cfda4d4ba5b49242a19372972b76aa237f1525af800bae2af557ea0
range/20260909/32/8/ip-only-response	0	1e82b711c8a27680d478e5438156b3c355c609cf4c748f268559a5fe0d3d89d1
range/20260909/32/8/wrong-domain	0	c193c2eac43281106b4ff1c30352906b2d132529eea9a0a90dfd99629051c388
range/20260909/32/16/valid	1	df0f931f949bff784769f0eb391d180d98e00d72faed9e147e75ad7e23143b45
range/20260909/32/16/ip-only-response	0	7e1eb9a73427665530431add812c05b2cc7debe131de4f9752c836d74015b56c
range/20260909/32/16/wrong-domain	0	49e011eabe439402d6bb6c4a1449ea70740c889a521e0382f42e35b67983ae4d
range/20260909/32/32/valid	1	6a932b179a6c3b8be2a48fab7ab95850ff4f46cd4cafd834b6a76af51dfeacba
range/20260909/32/32/ip-only-response	0	bc4b399a46be3e1be1fc74ff73c32fc809db71abcb17c4f38754f5b6e3de3041
range/20260909/32/32/wrong-domain	0	4cfd2427697afdeab7f0a4d199f63239ae2bea110ed9f123c2dbf784bbcd5b38
range/20260909/64/1/valid	1	bbd76ade9f18aabe21e515dc64c186692efde41efe2a74595e4f5ff6f35c386c
range/20260909/64/1/ip-only-response	0	a4b5f6f978e8df70446b09789f4b77af0ca72e99ce7c44e4a7b1a8ac99897521
range/20260909/64/1/wrong-domain	0	8a8e2336e4a9c657bf7525eae6c2209bb8309075d698e8c04b890de6cc416db3
range/20260909/64/2/valid	1	bbea9fc6174da3f3c6495571ba69fcd07802f87728a2e0f0e16dee627ca4fc17
range/20260909/64/2/ip-only-response	0	a7eef2a49fed58f2dc147a904f5446cfc18764edfb59cab73d4e78fda9dc1b14
range/20260909/64/2/wrong-domain	0	1111d1a3947dd0b1a0566e81f886a78426267e89ffc022c6954a51bad9e31443
range/20260909/64/4/valid	1	b1bb6268fa509af54d3ef6f095464f32d38571767124065c81e0c1a572f8051b
range/20260909/64/4/ip-only-response	0	a4ef7e49db5d14833b5148f977872a279aba8d0c5ddb7630264be273fc582a78
range/20260909/64/4/wrong-domain	0	c5f3123e86daf387bcb20936a5adf68a81c6ff7abcd918dfc6d7fab6f03dbeeb
range/20260909/64/8/valid	1	86b11867508014e822ec0df7a4fd7c7349ba3727938d002a0eca4e5d28cbcf39
range/20260909/64/8/ip-only-response	0	002ce82bc52cbce419797ff95c39d9c53a9d5307629bdd7e4c664857e2a316ab
range/20260909/64/8/wrong-domain	0	588a69b8a3304ea6b7af22d0c996bb7b234fd3d8070c2fff7afe325ee54fcf28
range/20260909/64/16/valid	1	2d2f453f08aa82925576bc1ba4abdb62d6d6af99d42c27a716ca767644d60094
range/20260909/64/16/ip-only-response	0	8221c2650eddc9a3647e757763ae55123632d0662c64d971e369a0034a269403
range/20260909/64/16/wrong-domain	0	dce06691a02126f00766aa72c1ea4b93a7a86020e20b09b36e85b84f782c2882
range/20260909/64/32/valid	1	72a39e3deddfa87e0f6568cbb907cbef36710b80525d1115e5882afde5068a3d
range/20260909/64/32/ip-only-response	0	2fe0a93ed70a8791b6ad1b6c58c8e0b1c9c6521dd2823c6a8f2e46deb25db190
range/20260909/64/32/wrong-domain	0	23ae2e8cfaa81979f5555f43c2463290cba864e9c298b77c0398ffe534ce0a23
